-- phpMyAdmin SQL Dump
-- version 4.5.1
-- http://www.phpmyadmin.net
--
-- Host: 127.0.0.1
-- Generation Time: 31 Agu 2020 pada 10.18
-- Versi Server: 10.1.19-MariaDB
-- PHP Version: 5.6.28

SET SQL_MODE = "NO_AUTO_VALUE_ON_ZERO";
SET time_zone = "+00:00";


/*!40101 SET @OLD_CHARACTER_SET_CLIENT=@@CHARACTER_SET_CLIENT */;
/*!40101 SET @OLD_CHARACTER_SET_RESULTS=@@CHARACTER_SET_RESULTS */;
/*!40101 SET @OLD_COLLATION_CONNECTION=@@COLLATION_CONNECTION */;
/*!40101 SET NAMES utf8mb4 */;

--
-- Database: `ahp_per_user`
--

-- --------------------------------------------------------

--
-- Struktur dari tabel `tb_alternatif`
--

CREATE TABLE `tb_alternatif` (
  `kode_alternatif` varchar(16) NOT NULL,
  `nama_alternatif` varchar(255) DEFAULT NULL,
  `keterangan` varchar(255) DEFAULT NULL,
  `total` double DEFAULT NULL,
  `rank` int(11) DEFAULT NULL
) ENGINE=MyISAM DEFAULT CHARSET=latin1;

--
-- Dumping data untuk tabel `tb_alternatif`
--

INSERT INTO `tb_alternatif` (`kode_alternatif`, `nama_alternatif`, `keterangan`, `total`, `rank`) VALUES
('A03', 'Teknik Audio Video', NULL, 0.16666666666667, 4),
('A04', 'Teknik Komputer dan Jaringan', NULL, 0.16666666666667, 3),
('A01', 'Teknik Kendaraan Ringan', NULL, 0.16666666666667, 6),
('A02', 'Teknik Sepeda Motor', NULL, 0.16666666666667, 5),
('A05', 'Tata Niaga', NULL, 0.16666666666667, 1),
('A06', 'Akuntansi', NULL, 0.16666666666667, 2);

-- --------------------------------------------------------

--
-- Struktur dari tabel `tb_kriteria`
--

CREATE TABLE `tb_kriteria` (
  `kode_kriteria` varchar(16) NOT NULL,
  `nama_kriteria` varchar(255) DEFAULT NULL
) ENGINE=MyISAM DEFAULT CHARSET=latin1;

--
-- Dumping data untuk tabel `tb_kriteria`
--

INSERT INTO `tb_kriteria` (`kode_kriteria`, `nama_kriteria`) VALUES
('C02', 'Peminatan'),
('C01', 'Prospek'),
('C03', 'Kualitas Jurusan');

-- --------------------------------------------------------

--
-- Struktur dari tabel `tb_rel_alternatif`
--

CREATE TABLE `tb_rel_alternatif` (
  `ID` int(11) NOT NULL,
  `kode1` varchar(16) DEFAULT NULL,
  `kode2` varchar(16) DEFAULT NULL,
  `kode_kriteria` varchar(16) DEFAULT NULL,
  `nilai` double DEFAULT NULL,
  `id_user` int(11) DEFAULT NULL
) ENGINE=MyISAM DEFAULT CHARSET=latin1;

--
-- Dumping data untuk tabel `tb_rel_alternatif`
--

INSERT INTO `tb_rel_alternatif` (`ID`, `kode1`, `kode2`, `kode_kriteria`, `nilai`, `id_user`) VALUES
(14203, 'A05', 'A05', 'C02', 1, 79),
(14202, 'A05', 'A05', 'C01', 1, 79),
(14201, 'A02', 'A05', 'C03', 1, 79),
(14200, 'A02', 'A05', 'C02', 1, 79),
(14199, 'A02', 'A05', 'C01', 1, 79),
(14198, 'A01', 'A05', 'C03', 1, 79),
(14197, 'A01', 'A05', 'C02', 1, 79),
(14196, 'A01', 'A05', 'C01', 1, 79),
(14195, 'A04', 'A05', 'C03', 1, 79),
(14194, 'A04', 'A05', 'C02', 1, 79),
(14193, 'A04', 'A05', 'C01', 1, 79),
(14192, 'A03', 'A05', 'C03', 1, 79),
(14191, 'A03', 'A05', 'C02', 1, 79),
(14190, 'A03', 'A05', 'C01', 1, 79),
(14189, 'A06', 'A02', 'C03', 1, 79),
(14188, 'A06', 'A02', 'C02', 1, 79),
(14187, 'A06', 'A02', 'C01', 1, 79),
(14186, 'A05', 'A02', 'C03', 1, 79),
(14185, 'A05', 'A02', 'C02', 1, 79),
(14184, 'A05', 'A02', 'C01', 1, 79),
(14183, 'A02', 'A02', 'C03', 1, 79),
(14182, 'A02', 'A02', 'C02', 1, 79),
(14181, 'A02', 'A02', 'C01', 1, 79),
(14180, 'A01', 'A02', 'C03', 1, 79),
(14179, 'A01', 'A02', 'C02', 1, 79),
(14178, 'A01', 'A02', 'C01', 1, 79),
(14177, 'A04', 'A02', 'C03', 1, 79),
(14176, 'A04', 'A02', 'C02', 1, 79),
(14175, 'A04', 'A02', 'C01', 1, 79),
(14174, 'A03', 'A02', 'C03', 1, 79),
(14173, 'A03', 'A02', 'C02', 1, 79),
(14172, 'A03', 'A02', 'C01', 1, 79),
(14171, 'A06', 'A01', 'C03', 1, 79),
(14170, 'A06', 'A01', 'C02', 1, 79),
(14169, 'A06', 'A01', 'C01', 1, 79),
(14168, 'A05', 'A01', 'C03', 1, 79),
(14167, 'A05', 'A01', 'C02', 1, 79),
(14166, 'A05', 'A01', 'C01', 1, 79),
(14165, 'A02', 'A01', 'C03', 1, 79),
(14164, 'A02', 'A01', 'C02', 1, 79),
(14163, 'A02', 'A01', 'C01', 1, 79),
(14162, 'A01', 'A01', 'C03', 1, 79),
(14161, 'A01', 'A01', 'C02', 1, 79),
(14160, 'A01', 'A01', 'C01', 1, 79),
(14159, 'A04', 'A01', 'C03', 1, 79),
(14158, 'A04', 'A01', 'C02', 1, 79),
(14157, 'A04', 'A01', 'C01', 1, 79),
(14156, 'A03', 'A01', 'C03', 1, 79),
(14155, 'A03', 'A01', 'C02', 1, 79),
(14154, 'A03', 'A01', 'C01', 1, 79),
(14153, 'A06', 'A04', 'C03', 1, 79),
(14152, 'A06', 'A04', 'C02', 1, 79),
(14151, 'A06', 'A04', 'C01', 1, 79),
(14150, 'A05', 'A04', 'C03', 1, 79),
(14149, 'A05', 'A04', 'C02', 1, 79),
(14148, 'A05', 'A04', 'C01', 1, 79),
(14147, 'A02', 'A04', 'C03', 1, 79),
(14146, 'A02', 'A04', 'C02', 1, 79),
(14145, 'A02', 'A04', 'C01', 1, 79),
(14144, 'A01', 'A04', 'C03', 1, 79),
(14143, 'A01', 'A04', 'C02', 1, 79),
(14142, 'A01', 'A04', 'C01', 1, 79),
(14141, 'A04', 'A04', 'C03', 1, 79),
(14140, 'A04', 'A04', 'C02', 1, 79),
(14139, 'A04', 'A04', 'C01', 1, 79),
(14138, 'A03', 'A04', 'C03', 1, 79),
(14137, 'A03', 'A04', 'C02', 1, 79),
(14136, 'A03', 'A04', 'C01', 1, 79),
(14135, 'A06', 'A03', 'C03', 1, 79),
(14134, 'A06', 'A03', 'C02', 1, 79),
(14133, 'A06', 'A03', 'C01', 1, 79),
(14132, 'A05', 'A03', 'C03', 1, 79),
(14131, 'A05', 'A03', 'C02', 1, 79),
(14130, 'A05', 'A03', 'C01', 1, 79),
(14129, 'A02', 'A03', 'C03', 1, 79),
(14128, 'A02', 'A03', 'C02', 1, 79),
(14127, 'A02', 'A03', 'C01', 1, 79),
(14126, 'A01', 'A03', 'C03', 1, 79),
(14125, 'A01', 'A03', 'C02', 1, 79),
(14124, 'A01', 'A03', 'C01', 1, 79),
(14123, 'A04', 'A03', 'C03', 1, 79),
(14122, 'A04', 'A03', 'C02', 1, 79),
(14121, 'A04', 'A03', 'C01', 1, 79),
(14120, 'A03', 'A03', 'C03', 1, 79),
(14119, 'A03', 'A03', 'C02', 1, 79),
(14118, 'A03', 'A03', 'C01', 1, 79),
(14117, 'A06', 'A06', 'C03', 1, 78),
(14116, 'A06', 'A06', 'C02', 1, 78),
(14115, 'A06', 'A06', 'C01', 1, 78),
(14114, 'A05', 'A06', 'C03', 1, 78),
(14113, 'A05', 'A06', 'C02', 1, 78),
(14112, 'A05', 'A06', 'C01', 1, 78),
(14111, 'A02', 'A06', 'C03', 1, 78),
(14110, 'A02', 'A06', 'C02', 1, 78),
(14109, 'A02', 'A06', 'C01', 1, 78),
(14108, 'A01', 'A06', 'C03', 1, 78),
(14107, 'A01', 'A06', 'C02', 1, 78),
(14106, 'A01', 'A06', 'C01', 1, 78),
(14105, 'A04', 'A06', 'C03', 1, 78),
(14104, 'A04', 'A06', 'C02', 1, 78),
(14103, 'A04', 'A06', 'C01', 1, 78),
(14102, 'A03', 'A06', 'C03', 1, 78),
(14101, 'A03', 'A06', 'C02', 1, 78),
(14100, 'A03', 'A06', 'C01', 1, 78),
(14099, 'A06', 'A05', 'C03', 1, 78),
(14098, 'A06', 'A05', 'C02', 1, 78),
(14097, 'A06', 'A05', 'C01', 1, 78),
(14096, 'A05', 'A05', 'C03', 1, 78),
(14095, 'A05', 'A05', 'C02', 1, 78),
(14094, 'A05', 'A05', 'C01', 1, 78),
(14093, 'A02', 'A05', 'C03', 1, 78),
(14092, 'A02', 'A05', 'C02', 1, 78),
(14091, 'A02', 'A05', 'C01', 1, 78),
(14090, 'A01', 'A05', 'C03', 1, 78),
(14089, 'A01', 'A05', 'C02', 1, 78),
(14088, 'A01', 'A05', 'C01', 1, 78),
(14087, 'A04', 'A05', 'C03', 1, 78),
(14086, 'A04', 'A05', 'C02', 1, 78),
(14085, 'A04', 'A05', 'C01', 1, 78),
(14084, 'A03', 'A05', 'C03', 1, 78),
(14083, 'A03', 'A05', 'C02', 1, 78),
(14082, 'A03', 'A05', 'C01', 1, 78),
(14081, 'A06', 'A02', 'C03', 1, 78),
(14080, 'A06', 'A02', 'C02', 1, 78),
(14079, 'A06', 'A02', 'C01', 1, 78),
(14078, 'A05', 'A02', 'C03', 1, 78),
(14077, 'A05', 'A02', 'C02', 1, 78),
(14076, 'A05', 'A02', 'C01', 1, 78),
(14075, 'A02', 'A02', 'C03', 1, 78),
(14074, 'A02', 'A02', 'C02', 1, 78),
(14073, 'A02', 'A02', 'C01', 1, 78),
(14072, 'A01', 'A02', 'C03', 1, 78),
(14071, 'A01', 'A02', 'C02', 1, 78),
(14070, 'A01', 'A02', 'C01', 1, 78),
(14069, 'A04', 'A02', 'C03', 1, 78),
(14068, 'A04', 'A02', 'C02', 1, 78),
(14067, 'A04', 'A02', 'C01', 1, 78),
(14066, 'A03', 'A02', 'C03', 1, 78),
(14065, 'A03', 'A02', 'C02', 1, 78),
(14064, 'A03', 'A02', 'C01', 1, 78),
(14063, 'A06', 'A01', 'C03', 1, 78),
(14062, 'A06', 'A01', 'C02', 1, 78),
(14061, 'A06', 'A01', 'C01', 1, 78),
(14060, 'A05', 'A01', 'C03', 1, 78),
(14059, 'A05', 'A01', 'C02', 1, 78),
(14058, 'A05', 'A01', 'C01', 1, 78),
(14057, 'A02', 'A01', 'C03', 1, 78),
(14056, 'A02', 'A01', 'C02', 1, 78),
(14055, 'A02', 'A01', 'C01', 1, 78),
(14054, 'A01', 'A01', 'C03', 1, 78),
(14053, 'A01', 'A01', 'C02', 1, 78),
(14052, 'A01', 'A01', 'C01', 1, 78),
(14051, 'A04', 'A01', 'C03', 1, 78),
(14050, 'A04', 'A01', 'C02', 1, 78),
(14049, 'A04', 'A01', 'C01', 1, 78),
(14048, 'A03', 'A01', 'C03', 1, 78),
(14047, 'A03', 'A01', 'C02', 1, 78),
(14046, 'A03', 'A01', 'C01', 1, 78),
(14045, 'A06', 'A04', 'C03', 1, 78),
(14044, 'A06', 'A04', 'C02', 1, 78),
(14043, 'A06', 'A04', 'C01', 1, 78),
(14042, 'A05', 'A04', 'C03', 1, 78),
(14041, 'A05', 'A04', 'C02', 1, 78),
(14040, 'A05', 'A04', 'C01', 1, 78),
(14039, 'A02', 'A04', 'C03', 1, 78),
(14038, 'A02', 'A04', 'C02', 1, 78),
(14037, 'A02', 'A04', 'C01', 1, 78),
(14036, 'A01', 'A04', 'C03', 1, 78),
(14035, 'A01', 'A04', 'C02', 1, 78),
(14034, 'A01', 'A04', 'C01', 1, 78),
(14033, 'A04', 'A04', 'C03', 1, 78),
(14032, 'A04', 'A04', 'C02', 1, 78),
(14031, 'A04', 'A04', 'C01', 1, 78),
(14030, 'A03', 'A04', 'C03', 1, 78),
(14029, 'A03', 'A04', 'C02', 1, 78),
(14028, 'A03', 'A04', 'C01', 1, 78),
(14027, 'A06', 'A03', 'C03', 1, 78),
(14026, 'A06', 'A03', 'C02', 1, 78),
(14025, 'A06', 'A03', 'C01', 1, 78),
(14024, 'A05', 'A03', 'C03', 1, 78),
(14023, 'A05', 'A03', 'C02', 1, 78),
(14022, 'A05', 'A03', 'C01', 1, 78),
(14021, 'A02', 'A03', 'C03', 1, 78),
(14020, 'A02', 'A03', 'C02', 1, 78),
(14019, 'A02', 'A03', 'C01', 1, 78),
(14018, 'A01', 'A03', 'C03', 1, 78),
(14017, 'A01', 'A03', 'C02', 1, 78),
(14016, 'A01', 'A03', 'C01', 1, 78),
(14015, 'A04', 'A03', 'C03', 1, 78),
(14014, 'A04', 'A03', 'C02', 1, 78),
(14013, 'A04', 'A03', 'C01', 1, 78),
(14012, 'A03', 'A03', 'C03', 1, 78),
(14011, 'A03', 'A03', 'C02', 1, 78),
(14010, 'A03', 'A03', 'C01', 1, 78),
(14009, 'A06', 'A06', 'C03', 1, 77),
(14008, 'A06', 'A06', 'C02', 1, 77),
(14007, 'A06', 'A06', 'C01', 1, 77),
(14006, 'A05', 'A06', 'C03', 1, 77),
(14005, 'A05', 'A06', 'C02', 1, 77),
(14004, 'A05', 'A06', 'C01', 1, 77),
(14003, 'A02', 'A06', 'C03', 1, 77),
(14002, 'A02', 'A06', 'C02', 1, 77),
(14001, 'A02', 'A06', 'C01', 1, 77),
(14000, 'A01', 'A06', 'C03', 1, 77),
(13999, 'A01', 'A06', 'C02', 1, 77),
(13998, 'A01', 'A06', 'C01', 1, 77),
(13997, 'A04', 'A06', 'C03', 1, 77),
(13996, 'A04', 'A06', 'C02', 1, 77),
(13995, 'A04', 'A06', 'C01', 1, 77),
(13994, 'A03', 'A06', 'C03', 1, 77),
(13993, 'A03', 'A06', 'C02', 1, 77),
(13992, 'A03', 'A06', 'C01', 1, 77),
(13991, 'A06', 'A05', 'C03', 1, 77),
(13990, 'A06', 'A05', 'C02', 1, 77),
(13989, 'A06', 'A05', 'C01', 1, 77),
(13988, 'A05', 'A05', 'C03', 1, 77),
(13987, 'A05', 'A05', 'C02', 1, 77),
(13986, 'A05', 'A05', 'C01', 1, 77),
(13985, 'A02', 'A05', 'C03', 1, 77),
(13984, 'A02', 'A05', 'C02', 1, 77),
(13983, 'A02', 'A05', 'C01', 1, 77),
(13982, 'A01', 'A05', 'C03', 1, 77),
(13981, 'A01', 'A05', 'C02', 1, 77),
(13980, 'A01', 'A05', 'C01', 1, 77),
(13924, 'A04', 'A04', 'C02', 1, 77),
(13925, 'A04', 'A04', 'C03', 1, 77),
(13926, 'A01', 'A04', 'C01', 1, 77),
(13927, 'A01', 'A04', 'C02', 1, 77),
(13928, 'A01', 'A04', 'C03', 1, 77),
(13929, 'A02', 'A04', 'C01', 1, 77),
(13930, 'A02', 'A04', 'C02', 1, 77),
(13931, 'A02', 'A04', 'C03', 1, 77),
(13932, 'A05', 'A04', 'C01', 1, 77),
(13933, 'A05', 'A04', 'C02', 1, 77),
(13934, 'A05', 'A04', 'C03', 1, 77),
(13935, 'A06', 'A04', 'C01', 1, 77),
(13936, 'A06', 'A04', 'C02', 1, 77),
(13937, 'A06', 'A04', 'C03', 1, 77),
(13938, 'A03', 'A01', 'C01', 1, 77),
(13939, 'A03', 'A01', 'C02', 1, 77),
(13940, 'A03', 'A01', 'C03', 1, 77),
(13941, 'A04', 'A01', 'C01', 1, 77),
(13942, 'A04', 'A01', 'C02', 1, 77),
(13943, 'A04', 'A01', 'C03', 1, 77),
(13944, 'A01', 'A01', 'C01', 1, 77),
(13945, 'A01', 'A01', 'C02', 1, 77),
(13946, 'A01', 'A01', 'C03', 1, 77),
(13947, 'A02', 'A01', 'C01', 1, 77),
(13948, 'A02', 'A01', 'C02', 1, 77),
(13949, 'A02', 'A01', 'C03', 1, 77),
(13950, 'A05', 'A01', 'C01', 1, 77),
(13951, 'A05', 'A01', 'C02', 1, 77),
(13952, 'A05', 'A01', 'C03', 1, 77),
(13953, 'A06', 'A01', 'C01', 1, 77),
(13954, 'A06', 'A01', 'C02', 1, 77),
(13955, 'A06', 'A01', 'C03', 1, 77),
(13956, 'A03', 'A02', 'C01', 1, 77),
(13957, 'A03', 'A02', 'C02', 1, 77),
(13958, 'A03', 'A02', 'C03', 1, 77),
(13959, 'A04', 'A02', 'C01', 1, 77),
(13960, 'A04', 'A02', 'C02', 1, 77),
(13961, 'A04', 'A02', 'C03', 1, 77),
(13962, 'A01', 'A02', 'C01', 1, 77),
(13963, 'A01', 'A02', 'C02', 1, 77),
(13964, 'A01', 'A02', 'C03', 1, 77),
(13965, 'A02', 'A02', 'C01', 1, 77),
(13966, 'A02', 'A02', 'C02', 1, 77),
(13967, 'A02', 'A02', 'C03', 1, 77),
(13968, 'A05', 'A02', 'C01', 1, 77),
(13969, 'A05', 'A02', 'C02', 1, 77),
(13970, 'A05', 'A02', 'C03', 1, 77),
(13971, 'A06', 'A02', 'C01', 1, 77),
(13972, 'A06', 'A02', 'C02', 1, 77),
(13973, 'A06', 'A02', 'C03', 1, 77),
(13974, 'A03', 'A05', 'C01', 1, 77),
(13975, 'A03', 'A05', 'C02', 1, 77),
(13976, 'A03', 'A05', 'C03', 1, 77),
(13977, 'A04', 'A05', 'C01', 1, 77),
(13978, 'A04', 'A05', 'C02', 1, 77),
(13979, 'A04', 'A05', 'C03', 1, 77),
(13917, 'A06', 'A03', 'C01', 1, 77),
(13918, 'A06', 'A03', 'C02', 1, 77),
(13919, 'A06', 'A03', 'C03', 1, 77),
(13920, 'A03', 'A04', 'C01', 1, 77),
(13921, 'A03', 'A04', 'C02', 1, 77),
(13922, 'A03', 'A04', 'C03', 1, 77),
(13923, 'A04', 'A04', 'C01', 1, 77),
(13908, 'A01', 'A03', 'C01', 1, 77),
(13909, 'A01', 'A03', 'C02', 1, 77),
(13910, 'A01', 'A03', 'C03', 1, 77),
(13911, 'A02', 'A03', 'C01', 1, 77),
(13912, 'A02', 'A03', 'C02', 1, 77),
(13913, 'A02', 'A03', 'C03', 1, 77),
(13914, 'A05', 'A03', 'C01', 1, 77),
(13915, 'A05', 'A03', 'C02', 1, 77),
(13916, 'A05', 'A03', 'C03', 1, 77),
(13907, 'A04', 'A03', 'C03', 1, 77),
(13699, 'A05', 'A03', 'C02', 1, 75),
(13700, 'A05', 'A03', 'C03', 1, 75),
(13701, 'A06', 'A03', 'C01', 1, 75),
(13702, 'A06', 'A03', 'C02', 1, 75),
(13703, 'A06', 'A03', 'C03', 1, 75),
(13704, 'A03', 'A04', 'C01', 1, 75),
(13705, 'A03', 'A04', 'C02', 1, 75),
(13706, 'A03', 'A04', 'C03', 1, 75),
(13707, 'A04', 'A04', 'C01', 1, 75),
(13708, 'A04', 'A04', 'C02', 1, 75),
(13709, 'A04', 'A04', 'C03', 1, 75),
(13710, 'A01', 'A04', 'C01', 1, 75),
(13711, 'A01', 'A04', 'C02', 1, 75),
(13712, 'A01', 'A04', 'C03', 1, 75),
(13713, 'A02', 'A04', 'C01', 1, 75),
(13714, 'A02', 'A04', 'C02', 1, 75),
(13715, 'A02', 'A04', 'C03', 1, 75),
(13716, 'A05', 'A04', 'C01', 1, 75),
(13717, 'A05', 'A04', 'C02', 1, 75),
(13718, 'A05', 'A04', 'C03', 1, 75),
(13719, 'A06', 'A04', 'C01', 1, 75),
(13720, 'A06', 'A04', 'C02', 1, 75),
(13721, 'A06', 'A04', 'C03', 1, 75),
(13722, 'A03', 'A01', 'C01', 1, 75),
(13723, 'A03', 'A01', 'C02', 1, 75),
(13724, 'A03', 'A01', 'C03', 1, 75),
(13725, 'A04', 'A01', 'C01', 1, 75),
(13726, 'A04', 'A01', 'C02', 1, 75),
(13727, 'A04', 'A01', 'C03', 1, 75),
(13728, 'A01', 'A01', 'C01', 1, 75),
(13729, 'A01', 'A01', 'C02', 1, 75),
(13730, 'A01', 'A01', 'C03', 1, 75),
(13731, 'A02', 'A01', 'C01', 1, 75),
(13732, 'A02', 'A01', 'C02', 1, 75),
(13733, 'A02', 'A01', 'C03', 1, 75),
(13734, 'A05', 'A01', 'C01', 1, 75),
(13735, 'A05', 'A01', 'C02', 1, 75),
(13736, 'A05', 'A01', 'C03', 1, 75),
(13737, 'A06', 'A01', 'C01', 1, 75),
(13738, 'A06', 'A01', 'C02', 1, 75),
(13739, 'A06', 'A01', 'C03', 1, 75),
(13740, 'A03', 'A02', 'C01', 1, 75),
(13741, 'A03', 'A02', 'C02', 1, 75),
(13742, 'A03', 'A02', 'C03', 1, 75),
(13743, 'A04', 'A02', 'C01', 1, 75),
(13744, 'A04', 'A02', 'C02', 1, 75),
(13745, 'A04', 'A02', 'C03', 1, 75),
(13746, 'A01', 'A02', 'C01', 1, 75),
(13747, 'A01', 'A02', 'C02', 1, 75),
(13748, 'A01', 'A02', 'C03', 1, 75),
(13749, 'A02', 'A02', 'C01', 1, 75),
(13750, 'A02', 'A02', 'C02', 1, 75),
(13751, 'A02', 'A02', 'C03', 1, 75),
(13752, 'A05', 'A02', 'C01', 1, 75),
(13753, 'A05', 'A02', 'C02', 1, 75),
(13754, 'A05', 'A02', 'C03', 1, 75),
(13755, 'A06', 'A02', 'C01', 1, 75),
(13756, 'A06', 'A02', 'C02', 1, 75),
(13757, 'A06', 'A02', 'C03', 1, 75),
(13758, 'A03', 'A05', 'C01', 1, 75),
(13759, 'A03', 'A05', 'C02', 1, 75),
(13760, 'A03', 'A05', 'C03', 1, 75),
(13761, 'A04', 'A05', 'C01', 1, 75),
(13762, 'A04', 'A05', 'C02', 1, 75),
(13763, 'A04', 'A05', 'C03', 1, 75),
(13764, 'A01', 'A05', 'C01', 1, 75),
(13765, 'A01', 'A05', 'C02', 1, 75),
(13766, 'A01', 'A05', 'C03', 1, 75),
(13767, 'A02', 'A05', 'C01', 1, 75),
(13768, 'A02', 'A05', 'C02', 1, 75),
(13769, 'A02', 'A05', 'C03', 1, 75),
(13770, 'A05', 'A05', 'C01', 1, 75),
(13771, 'A05', 'A05', 'C02', 1, 75),
(13772, 'A05', 'A05', 'C03', 1, 75),
(13773, 'A06', 'A05', 'C01', 1, 75),
(13774, 'A06', 'A05', 'C02', 1, 75),
(13775, 'A06', 'A05', 'C03', 1, 75),
(13776, 'A03', 'A06', 'C01', 1, 75),
(13777, 'A03', 'A06', 'C02', 1, 75),
(13778, 'A03', 'A06', 'C03', 1, 75),
(13779, 'A04', 'A06', 'C01', 1, 75),
(13780, 'A04', 'A06', 'C02', 1, 75),
(13781, 'A04', 'A06', 'C03', 1, 75),
(13782, 'A01', 'A06', 'C01', 1, 75),
(13783, 'A01', 'A06', 'C02', 1, 75),
(13784, 'A01', 'A06', 'C03', 1, 75),
(13785, 'A02', 'A06', 'C01', 1, 75),
(13786, 'A02', 'A06', 'C02', 1, 75),
(13787, 'A02', 'A06', 'C03', 1, 75),
(13788, 'A05', 'A06', 'C01', 1, 75),
(13789, 'A05', 'A06', 'C02', 1, 75),
(13790, 'A05', 'A06', 'C03', 1, 75),
(13791, 'A06', 'A06', 'C01', 1, 75),
(13792, 'A06', 'A06', 'C02', 1, 75),
(13793, 'A06', 'A06', 'C03', 1, 75),
(13794, 'A03', 'A03', 'C01', 1, 76),
(13795, 'A03', 'A03', 'C02', 1, 76),
(13796, 'A03', 'A03', 'C03', 1, 76),
(13797, 'A04', 'A03', 'C01', 1, 76),
(13798, 'A04', 'A03', 'C02', 1, 76),
(13799, 'A04', 'A03', 'C03', 1, 76),
(13800, 'A01', 'A03', 'C01', 1, 76),
(13801, 'A01', 'A03', 'C02', 1, 76),
(13802, 'A01', 'A03', 'C03', 1, 76),
(13803, 'A02', 'A03', 'C01', 1, 76),
(13804, 'A02', 'A03', 'C02', 1, 76),
(13805, 'A02', 'A03', 'C03', 1, 76),
(13806, 'A05', 'A03', 'C01', 1, 76),
(13807, 'A05', 'A03', 'C02', 1, 76),
(13808, 'A05', 'A03', 'C03', 1, 76),
(13809, 'A06', 'A03', 'C01', 1, 76),
(13810, 'A06', 'A03', 'C02', 1, 76),
(13811, 'A06', 'A03', 'C03', 1, 76),
(13812, 'A03', 'A04', 'C01', 1, 76),
(13813, 'A03', 'A04', 'C02', 1, 76),
(13814, 'A03', 'A04', 'C03', 1, 76),
(13815, 'A04', 'A04', 'C01', 1, 76),
(13816, 'A04', 'A04', 'C02', 1, 76),
(13817, 'A04', 'A04', 'C03', 1, 76),
(13818, 'A01', 'A04', 'C01', 1, 76),
(13819, 'A01', 'A04', 'C02', 1, 76),
(13820, 'A01', 'A04', 'C03', 1, 76),
(13821, 'A02', 'A04', 'C01', 1, 76),
(13822, 'A02', 'A04', 'C02', 1, 76),
(13823, 'A02', 'A04', 'C03', 1, 76),
(13824, 'A05', 'A04', 'C01', 1, 76),
(13825, 'A05', 'A04', 'C02', 1, 76),
(13826, 'A05', 'A04', 'C03', 1, 76),
(13827, 'A06', 'A04', 'C01', 1, 76),
(13828, 'A06', 'A04', 'C02', 1, 76),
(13829, 'A06', 'A04', 'C03', 1, 76),
(13830, 'A03', 'A01', 'C01', 1, 76),
(13831, 'A03', 'A01', 'C02', 1, 76),
(13832, 'A03', 'A01', 'C03', 1, 76),
(13833, 'A04', 'A01', 'C01', 1, 76),
(13834, 'A04', 'A01', 'C02', 1, 76),
(13835, 'A04', 'A01', 'C03', 1, 76),
(13836, 'A01', 'A01', 'C01', 1, 76),
(13837, 'A01', 'A01', 'C02', 1, 76),
(13838, 'A01', 'A01', 'C03', 1, 76),
(13839, 'A02', 'A01', 'C01', 1, 76),
(13840, 'A02', 'A01', 'C02', 1, 76),
(13841, 'A02', 'A01', 'C03', 1, 76),
(13842, 'A05', 'A01', 'C01', 1, 76),
(13843, 'A05', 'A01', 'C02', 1, 76),
(13844, 'A05', 'A01', 'C03', 1, 76),
(13845, 'A06', 'A01', 'C01', 1, 76),
(13846, 'A06', 'A01', 'C02', 1, 76),
(13847, 'A06', 'A01', 'C03', 1, 76),
(13848, 'A03', 'A02', 'C01', 1, 76),
(13849, 'A03', 'A02', 'C02', 1, 76),
(13850, 'A03', 'A02', 'C03', 1, 76),
(13851, 'A04', 'A02', 'C01', 1, 76),
(13852, 'A04', 'A02', 'C02', 1, 76),
(13853, 'A04', 'A02', 'C03', 1, 76),
(13854, 'A01', 'A02', 'C01', 1, 76),
(13855, 'A01', 'A02', 'C02', 1, 76),
(13856, 'A01', 'A02', 'C03', 1, 76),
(13857, 'A02', 'A02', 'C01', 1, 76),
(13858, 'A02', 'A02', 'C02', 1, 76),
(13859, 'A02', 'A02', 'C03', 1, 76),
(13860, 'A05', 'A02', 'C01', 1, 76),
(13861, 'A05', 'A02', 'C02', 1, 76),
(13862, 'A05', 'A02', 'C03', 1, 76),
(13863, 'A06', 'A02', 'C01', 1, 76),
(13864, 'A06', 'A02', 'C02', 1, 76),
(13865, 'A06', 'A02', 'C03', 1, 76),
(13866, 'A03', 'A05', 'C01', 1, 76),
(13867, 'A03', 'A05', 'C02', 1, 76),
(13868, 'A03', 'A05', 'C03', 1, 76),
(13869, 'A04', 'A05', 'C01', 1, 76),
(13870, 'A04', 'A05', 'C02', 1, 76),
(13871, 'A04', 'A05', 'C03', 1, 76),
(13872, 'A01', 'A05', 'C01', 1, 76),
(13873, 'A01', 'A05', 'C02', 1, 76),
(13874, 'A01', 'A05', 'C03', 1, 76),
(13875, 'A02', 'A05', 'C01', 1, 76),
(13876, 'A02', 'A05', 'C02', 1, 76),
(13877, 'A02', 'A05', 'C03', 1, 76),
(13878, 'A05', 'A05', 'C01', 1, 76),
(13879, 'A05', 'A05', 'C02', 1, 76),
(13880, 'A05', 'A05', 'C03', 1, 76),
(13881, 'A06', 'A05', 'C01', 1, 76),
(13882, 'A06', 'A05', 'C02', 1, 76),
(13883, 'A06', 'A05', 'C03', 1, 76),
(13884, 'A03', 'A06', 'C01', 1, 76),
(13885, 'A03', 'A06', 'C02', 1, 76),
(13886, 'A03', 'A06', 'C03', 1, 76),
(13887, 'A04', 'A06', 'C01', 1, 76),
(13888, 'A04', 'A06', 'C02', 1, 76),
(13889, 'A04', 'A06', 'C03', 1, 76),
(13890, 'A01', 'A06', 'C01', 1, 76),
(13891, 'A01', 'A06', 'C02', 1, 76),
(13892, 'A01', 'A06', 'C03', 1, 76),
(13893, 'A02', 'A06', 'C01', 1, 76),
(13894, 'A02', 'A06', 'C02', 1, 76),
(13895, 'A02', 'A06', 'C03', 1, 76),
(13896, 'A05', 'A06', 'C01', 1, 76),
(13897, 'A05', 'A06', 'C02', 1, 76),
(13898, 'A05', 'A06', 'C03', 1, 76),
(13899, 'A06', 'A06', 'C01', 1, 76),
(13900, 'A06', 'A06', 'C02', 1, 76),
(13901, 'A06', 'A06', 'C03', 1, 76),
(13902, 'A03', 'A03', 'C01', 1, 77),
(13903, 'A03', 'A03', 'C02', 1, 77),
(13904, 'A03', 'A03', 'C03', 1, 77),
(13905, 'A04', 'A03', 'C01', 1, 77),
(13906, 'A04', 'A03', 'C02', 1, 77),
(13695, 'A02', 'A03', 'C01', 1, 75),
(13696, 'A02', 'A03', 'C02', 1, 75),
(13697, 'A02', 'A03', 'C03', 1, 75),
(13698, 'A05', 'A03', 'C01', 1, 75),
(13587, 'A02', 'A03', 'C01', 1, 74),
(13588, 'A02', 'A03', 'C02', 1, 74),
(13589, 'A02', 'A03', 'C03', 1, 74),
(13590, 'A05', 'A03', 'C01', 1, 74),
(13591, 'A05', 'A03', 'C02', 1, 74),
(13592, 'A05', 'A03', 'C03', 1, 74),
(13593, 'A06', 'A03', 'C01', 1, 74),
(13594, 'A06', 'A03', 'C02', 1, 74),
(13595, 'A06', 'A03', 'C03', 1, 74),
(13596, 'A03', 'A04', 'C01', 1, 74),
(13597, 'A03', 'A04', 'C02', 1, 74),
(13598, 'A03', 'A04', 'C03', 1, 74),
(13599, 'A04', 'A04', 'C01', 1, 74),
(13600, 'A04', 'A04', 'C02', 1, 74),
(13601, 'A04', 'A04', 'C03', 1, 74),
(13602, 'A01', 'A04', 'C01', 1, 74),
(13603, 'A01', 'A04', 'C02', 1, 74),
(13604, 'A01', 'A04', 'C03', 1, 74),
(13605, 'A02', 'A04', 'C01', 1, 74),
(13606, 'A02', 'A04', 'C02', 1, 74),
(13607, 'A02', 'A04', 'C03', 1, 74),
(13608, 'A05', 'A04', 'C01', 1, 74),
(13609, 'A05', 'A04', 'C02', 1, 74),
(13610, 'A05', 'A04', 'C03', 1, 74),
(13611, 'A06', 'A04', 'C01', 1, 74),
(13612, 'A06', 'A04', 'C02', 1, 74),
(13613, 'A06', 'A04', 'C03', 1, 74),
(13614, 'A03', 'A01', 'C01', 1, 74),
(13615, 'A03', 'A01', 'C02', 1, 74),
(13616, 'A03', 'A01', 'C03', 1, 74),
(13617, 'A04', 'A01', 'C01', 1, 74),
(13618, 'A04', 'A01', 'C02', 1, 74),
(13619, 'A04', 'A01', 'C03', 1, 74),
(13620, 'A01', 'A01', 'C01', 1, 74),
(13621, 'A01', 'A01', 'C02', 1, 74),
(13622, 'A01', 'A01', 'C03', 1, 74),
(13623, 'A02', 'A01', 'C01', 1, 74),
(13624, 'A02', 'A01', 'C02', 1, 74),
(13625, 'A02', 'A01', 'C03', 1, 74),
(13626, 'A05', 'A01', 'C01', 1, 74),
(13627, 'A05', 'A01', 'C02', 1, 74),
(13628, 'A05', 'A01', 'C03', 1, 74),
(13629, 'A06', 'A01', 'C01', 1, 74),
(13630, 'A06', 'A01', 'C02', 1, 74),
(13631, 'A06', 'A01', 'C03', 1, 74),
(13632, 'A03', 'A02', 'C01', 1, 74),
(13633, 'A03', 'A02', 'C02', 1, 74),
(13634, 'A03', 'A02', 'C03', 1, 74),
(13635, 'A04', 'A02', 'C01', 1, 74),
(13636, 'A04', 'A02', 'C02', 1, 74),
(13637, 'A04', 'A02', 'C03', 1, 74),
(13638, 'A01', 'A02', 'C01', 1, 74),
(13639, 'A01', 'A02', 'C02', 1, 74),
(13640, 'A01', 'A02', 'C03', 1, 74),
(13641, 'A02', 'A02', 'C01', 1, 74),
(13642, 'A02', 'A02', 'C02', 1, 74),
(13643, 'A02', 'A02', 'C03', 1, 74),
(13644, 'A05', 'A02', 'C01', 1, 74),
(13645, 'A05', 'A02', 'C02', 1, 74),
(13646, 'A05', 'A02', 'C03', 1, 74),
(13647, 'A06', 'A02', 'C01', 1, 74),
(13648, 'A06', 'A02', 'C02', 1, 74),
(13649, 'A06', 'A02', 'C03', 1, 74),
(13650, 'A03', 'A05', 'C01', 1, 74),
(13651, 'A03', 'A05', 'C02', 1, 74),
(13652, 'A03', 'A05', 'C03', 1, 74),
(13653, 'A04', 'A05', 'C01', 1, 74),
(13654, 'A04', 'A05', 'C02', 1, 74),
(13655, 'A04', 'A05', 'C03', 1, 74),
(13656, 'A01', 'A05', 'C01', 1, 74),
(13657, 'A01', 'A05', 'C02', 1, 74),
(13658, 'A01', 'A05', 'C03', 1, 74),
(13659, 'A02', 'A05', 'C01', 1, 74),
(13660, 'A02', 'A05', 'C02', 1, 74),
(13661, 'A02', 'A05', 'C03', 1, 74),
(13662, 'A05', 'A05', 'C01', 1, 74),
(13663, 'A05', 'A05', 'C02', 1, 74),
(13664, 'A05', 'A05', 'C03', 1, 74),
(13665, 'A06', 'A05', 'C01', 1, 74),
(13666, 'A06', 'A05', 'C02', 1, 74),
(13667, 'A06', 'A05', 'C03', 1, 74),
(13668, 'A03', 'A06', 'C01', 1, 74),
(13669, 'A03', 'A06', 'C02', 1, 74),
(13670, 'A03', 'A06', 'C03', 1, 74),
(13671, 'A04', 'A06', 'C01', 1, 74),
(13672, 'A04', 'A06', 'C02', 1, 74),
(13673, 'A04', 'A06', 'C03', 1, 74),
(13674, 'A01', 'A06', 'C01', 1, 74),
(13675, 'A01', 'A06', 'C02', 1, 74),
(13676, 'A01', 'A06', 'C03', 1, 74),
(13677, 'A02', 'A06', 'C01', 1, 74),
(13678, 'A02', 'A06', 'C02', 1, 74),
(13679, 'A02', 'A06', 'C03', 1, 74),
(13680, 'A05', 'A06', 'C01', 1, 74),
(13681, 'A05', 'A06', 'C02', 1, 74),
(13682, 'A05', 'A06', 'C03', 1, 74),
(13683, 'A06', 'A06', 'C01', 1, 74),
(13684, 'A06', 'A06', 'C02', 1, 74),
(13685, 'A06', 'A06', 'C03', 1, 74),
(13686, 'A03', 'A03', 'C01', 1, 75),
(13687, 'A03', 'A03', 'C02', 1, 75),
(13688, 'A03', 'A03', 'C03', 1, 75),
(13689, 'A04', 'A03', 'C01', 1, 75),
(13690, 'A04', 'A03', 'C02', 1, 75),
(13691, 'A04', 'A03', 'C03', 1, 75),
(13692, 'A01', 'A03', 'C01', 1, 75),
(13693, 'A01', 'A03', 'C02', 1, 75),
(13694, 'A01', 'A03', 'C03', 1, 75),
(13583, 'A04', 'A03', 'C03', 1, 74),
(13584, 'A01', 'A03', 'C01', 1, 74),
(13585, 'A01', 'A03', 'C02', 1, 74),
(13586, 'A01', 'A03', 'C03', 1, 74),
(13479, 'A02', 'A03', 'C01', 1, 73),
(13480, 'A02', 'A03', 'C02', 1, 73),
(13481, 'A02', 'A03', 'C03', 1, 73),
(13482, 'A05', 'A03', 'C01', 1, 73),
(13483, 'A05', 'A03', 'C02', 1, 73),
(13484, 'A05', 'A03', 'C03', 1, 73),
(13485, 'A06', 'A03', 'C01', 1, 73),
(13486, 'A06', 'A03', 'C02', 1, 73),
(13487, 'A06', 'A03', 'C03', 1, 73),
(13488, 'A03', 'A04', 'C01', 1, 73),
(13489, 'A03', 'A04', 'C02', 1, 73),
(13490, 'A03', 'A04', 'C03', 1, 73),
(13491, 'A04', 'A04', 'C01', 1, 73),
(13492, 'A04', 'A04', 'C02', 1, 73),
(13493, 'A04', 'A04', 'C03', 1, 73),
(13494, 'A01', 'A04', 'C01', 1, 73),
(13495, 'A01', 'A04', 'C02', 1, 73),
(13496, 'A01', 'A04', 'C03', 1, 73),
(13497, 'A02', 'A04', 'C01', 1, 73),
(13498, 'A02', 'A04', 'C02', 1, 73),
(13499, 'A02', 'A04', 'C03', 1, 73),
(13500, 'A05', 'A04', 'C01', 1, 73),
(13501, 'A05', 'A04', 'C02', 1, 73),
(13502, 'A05', 'A04', 'C03', 1, 73),
(13503, 'A06', 'A04', 'C01', 1, 73),
(13504, 'A06', 'A04', 'C02', 1, 73),
(13505, 'A06', 'A04', 'C03', 1, 73),
(13506, 'A03', 'A01', 'C01', 1, 73),
(13507, 'A03', 'A01', 'C02', 1, 73),
(13508, 'A03', 'A01', 'C03', 1, 73),
(13509, 'A04', 'A01', 'C01', 1, 73),
(13510, 'A04', 'A01', 'C02', 1, 73),
(13511, 'A04', 'A01', 'C03', 1, 73),
(13512, 'A01', 'A01', 'C01', 1, 73),
(13513, 'A01', 'A01', 'C02', 1, 73),
(13514, 'A01', 'A01', 'C03', 1, 73),
(13515, 'A02', 'A01', 'C01', 1, 73),
(13516, 'A02', 'A01', 'C02', 1, 73),
(13517, 'A02', 'A01', 'C03', 1, 73),
(13518, 'A05', 'A01', 'C01', 1, 73),
(13519, 'A05', 'A01', 'C02', 1, 73),
(13520, 'A05', 'A01', 'C03', 1, 73),
(13521, 'A06', 'A01', 'C01', 1, 73),
(13522, 'A06', 'A01', 'C02', 1, 73),
(13523, 'A06', 'A01', 'C03', 1, 73),
(13524, 'A03', 'A02', 'C01', 1, 73),
(13525, 'A03', 'A02', 'C02', 1, 73),
(13526, 'A03', 'A02', 'C03', 1, 73),
(13527, 'A04', 'A02', 'C01', 1, 73),
(13528, 'A04', 'A02', 'C02', 1, 73),
(13529, 'A04', 'A02', 'C03', 1, 73),
(13530, 'A01', 'A02', 'C01', 1, 73),
(13531, 'A01', 'A02', 'C02', 1, 73),
(13532, 'A01', 'A02', 'C03', 1, 73),
(13533, 'A02', 'A02', 'C01', 1, 73),
(13534, 'A02', 'A02', 'C02', 1, 73),
(13535, 'A02', 'A02', 'C03', 1, 73),
(13536, 'A05', 'A02', 'C01', 1, 73),
(13537, 'A05', 'A02', 'C02', 1, 73),
(13538, 'A05', 'A02', 'C03', 1, 73),
(13539, 'A06', 'A02', 'C01', 1, 73),
(13540, 'A06', 'A02', 'C02', 1, 73),
(13541, 'A06', 'A02', 'C03', 1, 73),
(13542, 'A03', 'A05', 'C01', 1, 73),
(13543, 'A03', 'A05', 'C02', 1, 73),
(13544, 'A03', 'A05', 'C03', 1, 73),
(13545, 'A04', 'A05', 'C01', 1, 73),
(13546, 'A04', 'A05', 'C02', 1, 73),
(13547, 'A04', 'A05', 'C03', 1, 73),
(13548, 'A01', 'A05', 'C01', 1, 73),
(13549, 'A01', 'A05', 'C02', 1, 73),
(13550, 'A01', 'A05', 'C03', 1, 73),
(13551, 'A02', 'A05', 'C01', 1, 73),
(13552, 'A02', 'A05', 'C02', 1, 73),
(13553, 'A02', 'A05', 'C03', 1, 73),
(13554, 'A05', 'A05', 'C01', 1, 73),
(13555, 'A05', 'A05', 'C02', 1, 73),
(13556, 'A05', 'A05', 'C03', 1, 73),
(13557, 'A06', 'A05', 'C01', 1, 73),
(13558, 'A06', 'A05', 'C02', 1, 73),
(13559, 'A06', 'A05', 'C03', 1, 73),
(13560, 'A03', 'A06', 'C01', 1, 73),
(13561, 'A03', 'A06', 'C02', 1, 73),
(13562, 'A03', 'A06', 'C03', 1, 73),
(13563, 'A04', 'A06', 'C01', 1, 73),
(13564, 'A04', 'A06', 'C02', 1, 73),
(13565, 'A04', 'A06', 'C03', 1, 73),
(13566, 'A01', 'A06', 'C01', 1, 73),
(13567, 'A01', 'A06', 'C02', 1, 73),
(13568, 'A01', 'A06', 'C03', 1, 73),
(13569, 'A02', 'A06', 'C01', 1, 73),
(13570, 'A02', 'A06', 'C02', 1, 73),
(13571, 'A02', 'A06', 'C03', 1, 73),
(13572, 'A05', 'A06', 'C01', 1, 73),
(13573, 'A05', 'A06', 'C02', 1, 73),
(13574, 'A05', 'A06', 'C03', 1, 73),
(13575, 'A06', 'A06', 'C01', 1, 73),
(13576, 'A06', 'A06', 'C02', 1, 73),
(13577, 'A06', 'A06', 'C03', 1, 73),
(13578, 'A03', 'A03', 'C01', 1, 74),
(13579, 'A03', 'A03', 'C02', 1, 74),
(13580, 'A03', 'A03', 'C03', 1, 74),
(13581, 'A04', 'A03', 'C01', 1, 74),
(13582, 'A04', 'A03', 'C02', 1, 74),
(13474, 'A04', 'A03', 'C02', 1, 73),
(13475, 'A04', 'A03', 'C03', 1, 73),
(13476, 'A01', 'A03', 'C01', 1, 73),
(13477, 'A01', 'A03', 'C02', 1, 73),
(13478, 'A01', 'A03', 'C03', 1, 73),
(13466, 'A05', 'A06', 'C03', 0.5, 72),
(13467, 'A06', 'A06', 'C01', 1, 72),
(13468, 'A06', 'A06', 'C02', 1, 72),
(13469, 'A06', 'A06', 'C03', 1, 72),
(13470, 'A03', 'A03', 'C01', 1, 73),
(13471, 'A03', 'A03', 'C02', 1, 73),
(13472, 'A03', 'A03', 'C03', 1, 73),
(13473, 'A04', 'A03', 'C01', 1, 73),
(13462, 'A02', 'A06', 'C02', 0.25, 72),
(13463, 'A02', 'A06', 'C03', 1, 72),
(13464, 'A05', 'A06', 'C01', 0.5, 72),
(13465, 'A05', 'A06', 'C02', 6, 72),
(13023, 'A03', 'A06', 'C01', 2, 68),
(13024, 'A03', 'A06', 'C02', 4, 68),
(13025, 'A03', 'A06', 'C03', 3, 68),
(13026, 'A04', 'A06', 'C01', 2, 68),
(13027, 'A04', 'A06', 'C02', 2, 68),
(13028, 'A04', 'A06', 'C03', 2, 68),
(13029, 'A01', 'A06', 'C01', 7, 68),
(13030, 'A01', 'A06', 'C02', 2, 68),
(13031, 'A01', 'A06', 'C03', 2, 68),
(13032, 'A02', 'A06', 'C01', 4, 68),
(13033, 'A02', 'A06', 'C02', 0.5, 68),
(13034, 'A02', 'A06', 'C03', 2, 68),
(13035, 'A05', 'A06', 'C01', 1, 68),
(13036, 'A05', 'A06', 'C02', 0.2, 68),
(13037, 'A05', 'A06', 'C03', 4, 68),
(13038, 'A03', 'A03', 'C01', 1, 69),
(13039, 'A03', 'A03', 'C02', 1, 69),
(13040, 'A03', 'A03', 'C03', 1, 69),
(13041, 'A04', 'A03', 'C01', 0.5, 69),
(13042, 'A04', 'A03', 'C02', 0.5, 69),
(13043, 'A04', 'A03', 'C03', 0.3333333333333333, 69),
(13044, 'A01', 'A03', 'C01', 2, 69),
(13045, 'A01', 'A03', 'C02', 3, 69),
(13046, 'A01', 'A03', 'C03', 4, 69),
(13047, 'A02', 'A03', 'C01', 3, 69),
(13048, 'A02', 'A03', 'C02', 4, 69),
(13049, 'A02', 'A03', 'C03', 4, 69),
(13050, 'A05', 'A03', 'C01', 0.5, 69),
(13051, 'A05', 'A03', 'C02', 0.25, 69),
(13052, 'A05', 'A03', 'C03', 0.3333333333333333, 69),
(13053, 'A06', 'A03', 'C01', 0.5, 69),
(13054, 'A06', 'A03', 'C02', 0.3333333333333333, 69),
(13055, 'A06', 'A03', 'C03', 0.3333333333333333, 69),
(13056, 'A03', 'A04', 'C01', 2, 69),
(13057, 'A03', 'A04', 'C02', 2, 69),
(13058, 'A03', 'A04', 'C03', 3, 69),
(13059, 'A04', 'A04', 'C01', 1, 69),
(13060, 'A04', 'A04', 'C02', 1, 69),
(13061, 'A04', 'A04', 'C03', 1, 69),
(13062, 'A01', 'A04', 'C01', 2, 69),
(13063, 'A01', 'A04', 'C02', 2, 69),
(13064, 'A01', 'A04', 'C03', 2, 69),
(13065, 'A02', 'A04', 'C01', 3, 69),
(13066, 'A02', 'A04', 'C02', 4, 69),
(13067, 'A02', 'A04', 'C03', 3, 69),
(13068, 'A05', 'A04', 'C01', 0.3333333333333333, 69),
(13069, 'A05', 'A04', 'C02', 0.5, 69),
(13070, 'A05', 'A04', 'C03', 0.25, 69),
(13071, 'A06', 'A04', 'C01', 0.3333333333333333, 69),
(13072, 'A06', 'A04', 'C02', 0.5, 69),
(13073, 'A06', 'A04', 'C03', 0.5, 69),
(13074, 'A03', 'A01', 'C01', 0.5, 69),
(13075, 'A03', 'A01', 'C02', 0.3333333333333333, 69),
(13076, 'A03', 'A01', 'C03', 0.25, 69),
(13077, 'A04', 'A01', 'C01', 0.5, 69),
(13078, 'A04', 'A01', 'C02', 0.5, 69),
(13079, 'A04', 'A01', 'C03', 0.5, 69),
(13080, 'A01', 'A01', 'C01', 1, 69),
(13081, 'A01', 'A01', 'C02', 1, 69),
(13082, 'A01', 'A01', 'C03', 1, 69),
(13083, 'A02', 'A01', 'C01', 5, 69),
(13084, 'A02', 'A01', 'C02', 3.003003003003003, 69),
(13085, 'A02', 'A01', 'C03', 4, 69),
(13086, 'A05', 'A01', 'C01', 1, 69),
(13087, 'A05', 'A01', 'C02', 0.25, 69),
(13088, 'A05', 'A01', 'C03', 0.3333333333333333, 69),
(13089, 'A06', 'A01', 'C01', 0.5, 69),
(13090, 'A06', 'A01', 'C02', 0.25, 69),
(13091, 'A06', 'A01', 'C03', 0.3333333333333333, 69),
(13092, 'A03', 'A02', 'C01', 0.3333333333333333, 69),
(13093, 'A03', 'A02', 'C02', 0.25, 69),
(13094, 'A03', 'A02', 'C03', 0.25, 69),
(13095, 'A04', 'A02', 'C01', 0.3333333333333333, 69),
(13096, 'A04', 'A02', 'C02', 0.25, 69),
(13097, 'A04', 'A02', 'C03', 0.3333333333333333, 69),
(13098, 'A01', 'A02', 'C01', 0.2, 69),
(13099, 'A01', 'A02', 'C02', 0.333, 69),
(13100, 'A01', 'A02', 'C03', 0.25, 69),
(13101, 'A02', 'A02', 'C01', 1, 69),
(13102, 'A02', 'A02', 'C02', 1, 69),
(13103, 'A02', 'A02', 'C03', 1, 69),
(13104, 'A05', 'A02', 'C01', 0.25, 69),
(13105, 'A05', 'A02', 'C02', 0.2, 69),
(13106, 'A05', 'A02', 'C03', 0.25, 69),
(13107, 'A06', 'A02', 'C01', 0.25, 69),
(13108, 'A06', 'A02', 'C02', 0.2, 69),
(13109, 'A06', 'A02', 'C03', 0.25, 69),
(13110, 'A03', 'A05', 'C01', 2, 69),
(13111, 'A03', 'A05', 'C02', 4, 69),
(13112, 'A03', 'A05', 'C03', 3, 69),
(13113, 'A04', 'A05', 'C01', 3, 69),
(13114, 'A04', 'A05', 'C02', 2, 69),
(13115, 'A04', 'A05', 'C03', 4, 69),
(13116, 'A01', 'A05', 'C01', 1, 69),
(13117, 'A01', 'A05', 'C02', 4, 69),
(13118, 'A01', 'A05', 'C03', 3, 69),
(13119, 'A02', 'A05', 'C01', 4, 69),
(13120, 'A02', 'A05', 'C02', 5, 69),
(13121, 'A02', 'A05', 'C03', 4, 69),
(13122, 'A05', 'A05', 'C01', 1, 69),
(13123, 'A05', 'A05', 'C02', 1, 69),
(13124, 'A05', 'A05', 'C03', 1, 69),
(13125, 'A06', 'A05', 'C01', 5, 69),
(13126, 'A06', 'A05', 'C02', 0.3333333333333333, 69),
(13127, 'A06', 'A05', 'C03', 0.14285714285714285, 69),
(13128, 'A03', 'A06', 'C01', 2, 69),
(13129, 'A03', 'A06', 'C02', 3, 69),
(13130, 'A03', 'A06', 'C03', 3, 69),
(13131, 'A04', 'A06', 'C01', 3, 69),
(13132, 'A04', 'A06', 'C02', 2, 69),
(13133, 'A04', 'A06', 'C03', 2, 69),
(13134, 'A01', 'A06', 'C01', 2, 69),
(13135, 'A01', 'A06', 'C02', 4, 69),
(13136, 'A01', 'A06', 'C03', 3, 69),
(13137, 'A02', 'A06', 'C01', 4, 69),
(13138, 'A02', 'A06', 'C02', 5, 69),
(13139, 'A02', 'A06', 'C03', 4, 69),
(13140, 'A05', 'A06', 'C01', 0.2, 69),
(13141, 'A05', 'A06', 'C02', 3, 69),
(13142, 'A05', 'A06', 'C03', 7, 69),
(13143, 'A06', 'A06', 'C01', 1, 69),
(13144, 'A06', 'A06', 'C02', 1, 69),
(13145, 'A06', 'A06', 'C03', 1, 69),
(13146, 'A03', 'A03', 'C01', 1, 70),
(13147, 'A03', 'A03', 'C02', 1, 70),
(13148, 'A03', 'A03', 'C03', 1, 70),
(13149, 'A04', 'A03', 'C01', 0.5, 70),
(13150, 'A04', 'A03', 'C02', 0.5, 70),
(13151, 'A04', 'A03', 'C03', 0.3333333333333333, 70),
(13152, 'A01', 'A03', 'C01', 0.25, 70),
(13153, 'A01', 'A03', 'C02', 0.333, 70),
(13154, 'A01', 'A03', 'C03', 0.5, 70),
(13155, 'A02', 'A03', 'C01', 0.333, 70),
(13156, 'A02', 'A03', 'C02', 0.25, 70),
(13157, 'A02', 'A03', 'C03', 0.333, 70),
(13158, 'A05', 'A03', 'C01', 0.25, 70),
(13159, 'A05', 'A03', 'C02', 0.3333333333333333, 70),
(13160, 'A05', 'A03', 'C03', 0.5, 70),
(13161, 'A06', 'A03', 'C01', 0.25, 70),
(13162, 'A06', 'A03', 'C02', 0.3333333333333333, 70),
(13163, 'A06', 'A03', 'C03', 0.5, 70),
(13164, 'A03', 'A04', 'C01', 2, 70),
(13165, 'A03', 'A04', 'C02', 2, 70),
(13166, 'A03', 'A04', 'C03', 3, 70),
(13167, 'A04', 'A04', 'C01', 1, 70),
(13168, 'A04', 'A04', 'C02', 1, 70),
(13169, 'A04', 'A04', 'C03', 1, 70),
(13170, 'A01', 'A04', 'C01', 0.5, 70),
(13171, 'A01', 'A04', 'C02', 0.25, 70),
(13172, 'A01', 'A04', 'C03', 3, 70),
(13173, 'A02', 'A04', 'C01', 0.25, 70),
(13174, 'A02', 'A04', 'C02', 2, 70),
(13175, 'A02', 'A04', 'C03', 0.333, 70),
(13176, 'A05', 'A04', 'C01', 0.5, 70),
(13177, 'A05', 'A04', 'C02', 4, 70),
(13178, 'A05', 'A04', 'C03', 2, 70),
(13179, 'A06', 'A04', 'C01', 2, 70),
(13180, 'A06', 'A04', 'C02', 4, 70),
(13181, 'A06', 'A04', 'C03', 2, 70),
(13182, 'A03', 'A01', 'C01', 4, 70),
(13183, 'A03', 'A01', 'C02', 3.003003003003003, 70),
(13184, 'A03', 'A01', 'C03', 2, 70),
(13185, 'A04', 'A01', 'C01', 2, 70),
(13186, 'A04', 'A01', 'C02', 4, 70),
(13187, 'A04', 'A01', 'C03', 0.3333333333333333, 70),
(13188, 'A01', 'A01', 'C01', 1, 70),
(13189, 'A01', 'A01', 'C02', 1, 70),
(13190, 'A01', 'A01', 'C03', 1, 70),
(13191, 'A02', 'A01', 'C01', 0.5, 70),
(13192, 'A02', 'A01', 'C02', 0.25, 70),
(13193, 'A02', 'A01', 'C03', 0.5, 70),
(13194, 'A05', 'A01', 'C01', 0.3333333333333333, 70),
(13195, 'A05', 'A01', 'C02', 0.5, 70),
(13196, 'A05', 'A01', 'C03', 2, 70),
(13197, 'A06', 'A01', 'C01', 0.3333333333333333, 70),
(13198, 'A06', 'A01', 'C02', 0.5, 70),
(13199, 'A06', 'A01', 'C03', 3.003003003003003, 70),
(13200, 'A03', 'A02', 'C01', 3.003003003003003, 70),
(13201, 'A03', 'A02', 'C02', 4, 70),
(13202, 'A03', 'A02', 'C03', 3.003003003003003, 70),
(13203, 'A04', 'A02', 'C01', 4, 70),
(13204, 'A04', 'A02', 'C02', 0.5, 70),
(13205, 'A04', 'A02', 'C03', 3.003003003003003, 70),
(13206, 'A01', 'A02', 'C01', 2, 70),
(13207, 'A01', 'A02', 'C02', 4, 70),
(13208, 'A01', 'A02', 'C03', 2, 70),
(13209, 'A02', 'A02', 'C01', 1, 70),
(13210, 'A02', 'A02', 'C02', 1, 70),
(13211, 'A02', 'A02', 'C03', 1, 70),
(13212, 'A05', 'A02', 'C01', 0.3333333333333333, 70),
(13213, 'A05', 'A02', 'C02', 0.5, 70),
(13214, 'A05', 'A02', 'C03', 2, 70),
(13215, 'A06', 'A02', 'C01', 0.3333333333333333, 70),
(13216, 'A06', 'A02', 'C02', 0.5, 70),
(13217, 'A06', 'A02', 'C03', 2, 70),
(13218, 'A03', 'A05', 'C01', 4, 70),
(13219, 'A03', 'A05', 'C02', 3, 70),
(13220, 'A03', 'A05', 'C03', 2, 70),
(13221, 'A04', 'A05', 'C01', 2, 70),
(13222, 'A04', 'A05', 'C02', 0.25, 70),
(13223, 'A04', 'A05', 'C03', 0.5, 70),
(13224, 'A01', 'A05', 'C01', 3, 70),
(13225, 'A01', 'A05', 'C02', 2, 70),
(13226, 'A01', 'A05', 'C03', 0.5, 70),
(13227, 'A02', 'A05', 'C01', 3, 70),
(13228, 'A02', 'A05', 'C02', 2, 70),
(13229, 'A02', 'A05', 'C03', 0.5, 70),
(13230, 'A05', 'A05', 'C01', 1, 70),
(13231, 'A05', 'A05', 'C02', 1, 70),
(13232, 'A05', 'A05', 'C03', 1, 70),
(13233, 'A06', 'A05', 'C01', 4, 70),
(13234, 'A06', 'A05', 'C02', 4, 70),
(13235, 'A06', 'A05', 'C03', 2, 70),
(13236, 'A03', 'A06', 'C01', 4, 70),
(13237, 'A03', 'A06', 'C02', 3, 70),
(13238, 'A03', 'A06', 'C03', 2, 70),
(13239, 'A04', 'A06', 'C01', 0.5, 70),
(13240, 'A04', 'A06', 'C02', 0.25, 70),
(13241, 'A04', 'A06', 'C03', 0.5, 70),
(13242, 'A01', 'A06', 'C01', 3, 70),
(13243, 'A01', 'A06', 'C02', 2, 70),
(13244, 'A01', 'A06', 'C03', 0.333, 70),
(13245, 'A02', 'A06', 'C01', 3, 70),
(13246, 'A02', 'A06', 'C02', 2, 70),
(13247, 'A02', 'A06', 'C03', 0.5, 70),
(13248, 'A05', 'A06', 'C01', 0.25, 70),
(13249, 'A05', 'A06', 'C02', 0.25, 70),
(13250, 'A05', 'A06', 'C03', 0.5, 70),
(13251, 'A06', 'A06', 'C01', 1, 70),
(13252, 'A06', 'A06', 'C02', 1, 70),
(13253, 'A06', 'A06', 'C03', 1, 70),
(13254, 'A03', 'A03', 'C01', 1, 71),
(13255, 'A03', 'A03', 'C02', 1, 71),
(13256, 'A03', 'A03', 'C03', 1, 71),
(13257, 'A04', 'A03', 'C01', 3.003003003003003, 71),
(13258, 'A04', 'A03', 'C02', 2, 71),
(13259, 'A04', 'A03', 'C03', 2, 71),
(13260, 'A01', 'A03', 'C01', 1, 71),
(13261, 'A01', 'A03', 'C02', 0.5, 71),
(13262, 'A01', 'A03', 'C03', 0.5, 71),
(13263, 'A02', 'A03', 'C01', 0.5, 71),
(13264, 'A02', 'A03', 'C02', 0.2, 71),
(13265, 'A02', 'A03', 'C03', 0.5, 71),
(13266, 'A05', 'A03', 'C01', 1, 71),
(13267, 'A05', 'A03', 'C02', 2, 71),
(13268, 'A05', 'A03', 'C03', 2, 71),
(13269, 'A06', 'A03', 'C01', 1, 71),
(13270, 'A06', 'A03', 'C02', 2, 71),
(13271, 'A06', 'A03', 'C03', 2, 71),
(13272, 'A03', 'A04', 'C01', 0.333, 71),
(13273, 'A03', 'A04', 'C02', 0.5, 71),
(13274, 'A03', 'A04', 'C03', 0.5, 71),
(13275, 'A04', 'A04', 'C01', 1, 71),
(13276, 'A04', 'A04', 'C02', 1, 71),
(13277, 'A04', 'A04', 'C03', 1, 71),
(13278, 'A01', 'A04', 'C01', 0.2, 71),
(13279, 'A01', 'A04', 'C02', 0.25, 71),
(13280, 'A01', 'A04', 'C03', 0.2, 71),
(13281, 'A02', 'A04', 'C01', 0.25, 71),
(13282, 'A02', 'A04', 'C02', 0.167, 71),
(13283, 'A02', 'A04', 'C03', 0.25, 71),
(13284, 'A05', 'A04', 'C01', 0.25, 71),
(13285, 'A05', 'A04', 'C02', 3.003003003003003, 71),
(13286, 'A05', 'A04', 'C03', 0.25, 71),
(13287, 'A06', 'A04', 'C01', 0.25, 71),
(13288, 'A06', 'A04', 'C02', 3.003003003003003, 71),
(13289, 'A06', 'A04', 'C03', 0.3333333333333333, 71),
(13290, 'A03', 'A01', 'C01', 1, 71),
(13291, 'A03', 'A01', 'C02', 2, 71),
(13292, 'A03', 'A01', 'C03', 2, 71),
(13293, 'A04', 'A01', 'C01', 5, 71),
(13294, 'A04', 'A01', 'C02', 4, 71),
(13295, 'A04', 'A01', 'C03', 5, 71),
(13296, 'A01', 'A01', 'C01', 1, 71),
(13297, 'A01', 'A01', 'C02', 1, 71),
(13298, 'A01', 'A01', 'C03', 1, 71),
(13299, 'A02', 'A01', 'C01', 1, 71),
(13300, 'A02', 'A01', 'C02', 2, 71),
(13301, 'A02', 'A01', 'C03', 0.5, 71),
(13302, 'A05', 'A01', 'C01', 2, 71),
(13303, 'A05', 'A01', 'C02', 2, 71),
(13304, 'A05', 'A01', 'C03', 0.5, 71),
(13305, 'A06', 'A01', 'C01', 3.003003003003003, 71),
(13306, 'A06', 'A01', 'C02', 2, 71),
(13307, 'A06', 'A01', 'C03', 0.5, 71),
(13308, 'A03', 'A02', 'C01', 2, 71),
(13309, 'A03', 'A02', 'C02', 5, 71),
(13310, 'A03', 'A02', 'C03', 2, 71),
(13311, 'A04', 'A02', 'C01', 4, 71),
(13312, 'A04', 'A02', 'C02', 5.988023952095808, 71),
(13313, 'A04', 'A02', 'C03', 4, 71),
(13314, 'A01', 'A02', 'C01', 1, 71),
(13315, 'A01', 'A02', 'C02', 0.5, 71),
(13316, 'A01', 'A02', 'C03', 2, 71),
(13317, 'A02', 'A02', 'C01', 1, 71),
(13318, 'A02', 'A02', 'C02', 1, 71),
(13319, 'A02', 'A02', 'C03', 1, 71),
(13320, 'A05', 'A02', 'C01', 4, 71),
(13321, 'A05', 'A02', 'C02', 2, 71),
(13322, 'A05', 'A02', 'C03', 2, 71),
(13323, 'A06', 'A02', 'C01', 4, 71),
(13324, 'A06', 'A02', 'C02', 2, 71),
(13325, 'A06', 'A02', 'C03', 2, 71),
(13326, 'A03', 'A05', 'C01', 1, 71),
(13327, 'A03', 'A05', 'C02', 0.5, 71),
(13328, 'A03', 'A05', 'C03', 0.5, 71),
(13329, 'A04', 'A05', 'C01', 4, 71),
(13330, 'A04', 'A05', 'C02', 0.333, 71),
(13331, 'A04', 'A05', 'C03', 4, 71),
(13332, 'A01', 'A05', 'C01', 0.5, 71),
(13333, 'A01', 'A05', 'C02', 0.5, 71),
(13334, 'A01', 'A05', 'C03', 2, 71),
(13335, 'A02', 'A05', 'C01', 0.25, 71),
(13336, 'A02', 'A05', 'C02', 0.5, 71),
(13337, 'A02', 'A05', 'C03', 0.5, 71),
(13338, 'A05', 'A05', 'C01', 1, 71),
(13339, 'A05', 'A05', 'C02', 1, 71),
(13340, 'A05', 'A05', 'C03', 1, 71),
(13341, 'A06', 'A05', 'C01', 3.003003003003003, 71),
(13342, 'A06', 'A05', 'C02', 3, 71),
(13343, 'A06', 'A05', 'C03', 2, 71),
(13344, 'A03', 'A06', 'C01', 1, 71),
(13345, 'A03', 'A06', 'C02', 0.5, 71),
(13346, 'A03', 'A06', 'C03', 0.5, 71),
(13347, 'A04', 'A06', 'C01', 4, 71),
(13348, 'A04', 'A06', 'C02', 0.333, 71),
(13349, 'A04', 'A06', 'C03', 3, 71),
(13350, 'A01', 'A06', 'C01', 0.333, 71),
(13351, 'A01', 'A06', 'C02', 0.5, 71),
(13352, 'A01', 'A06', 'C03', 2, 71),
(13353, 'A02', 'A06', 'C01', 0.25, 71),
(13354, 'A02', 'A06', 'C02', 0.5, 71),
(13355, 'A02', 'A06', 'C03', 0.5, 71),
(13356, 'A05', 'A06', 'C01', 0.333, 71),
(13357, 'A05', 'A06', 'C02', 0.3333333333333333, 71),
(13358, 'A05', 'A06', 'C03', 0.5, 71),
(13359, 'A06', 'A06', 'C01', 1, 71),
(13360, 'A06', 'A06', 'C02', 1, 71),
(13361, 'A06', 'A06', 'C03', 1, 71),
(13362, 'A03', 'A03', 'C01', 1, 72),
(13363, 'A03', 'A03', 'C02', 1, 72),
(13364, 'A03', 'A03', 'C03', 1, 72),
(13365, 'A04', 'A03', 'C01', 2, 72),
(13366, 'A04', 'A03', 'C02', 2, 72),
(13367, 'A04', 'A03', 'C03', 0.5, 72),
(13368, 'A01', 'A03', 'C01', 0.333, 72),
(13369, 'A01', 'A03', 'C02', 0.5, 72),
(13370, 'A01', 'A03', 'C03', 0.5, 72),
(13371, 'A02', 'A03', 'C01', 0.333, 72),
(13372, 'A02', 'A03', 'C02', 0.5, 72),
(13373, 'A02', 'A03', 'C03', 0.5, 72),
(13374, 'A05', 'A03', 'C01', 2, 72),
(13375, 'A05', 'A03', 'C02', 2, 72),
(13376, 'A05', 'A03', 'C03', 0.5, 72),
(13377, 'A06', 'A03', 'C01', 3.003003003003003, 72),
(13378, 'A06', 'A03', 'C02', 4, 72),
(13379, 'A06', 'A03', 'C03', 4, 72),
(13380, 'A03', 'A04', 'C01', 0.5, 72),
(13381, 'A03', 'A04', 'C02', 0.5, 72),
(13382, 'A03', 'A04', 'C03', 2, 72),
(13383, 'A04', 'A04', 'C01', 1, 72),
(13384, 'A04', 'A04', 'C02', 1, 72),
(13385, 'A04', 'A04', 'C03', 1, 72),
(13386, 'A01', 'A04', 'C01', 0.333, 72),
(13387, 'A01', 'A04', 'C02', 0.5, 72),
(13388, 'A01', 'A04', 'C03', 0.5, 72),
(13389, 'A02', 'A04', 'C01', 0.5, 72),
(13390, 'A02', 'A04', 'C02', 0.5, 72),
(13391, 'A02', 'A04', 'C03', 0.5, 72),
(13392, 'A05', 'A04', 'C01', 2, 72),
(13393, 'A05', 'A04', 'C02', 2, 72),
(13394, 'A05', 'A04', 'C03', 2, 72),
(13395, 'A06', 'A04', 'C01', 2, 72),
(13396, 'A06', 'A04', 'C02', 5.988023952095808, 72),
(13397, 'A06', 'A04', 'C03', 3.003003003003003, 72),
(13398, 'A03', 'A01', 'C01', 3.003003003003003, 72),
(13399, 'A03', 'A01', 'C02', 2, 72),
(13400, 'A03', 'A01', 'C03', 2, 72),
(13401, 'A04', 'A01', 'C01', 3.003003003003003, 72),
(13402, 'A04', 'A01', 'C02', 2, 72),
(13403, 'A04', 'A01', 'C03', 2, 72),
(13404, 'A01', 'A01', 'C01', 1, 72),
(13405, 'A01', 'A01', 'C02', 1, 72),
(13406, 'A01', 'A01', 'C03', 1, 72),
(13407, 'A02', 'A01', 'C01', 2, 72),
(13408, 'A02', 'A01', 'C02', 1, 72),
(13409, 'A02', 'A01', 'C03', 0.5, 72),
(13410, 'A05', 'A01', 'C01', 3.003003003003003, 72),
(13411, 'A05', 'A01', 'C02', 2, 72),
(13412, 'A05', 'A01', 'C03', 3.003003003003003, 72),
(13413, 'A06', 'A01', 'C01', 4, 72),
(13414, 'A06', 'A01', 'C02', 3.003003003003003, 72),
(13415, 'A06', 'A01', 'C03', 4, 72),
(13416, 'A03', 'A02', 'C01', 3.003003003003003, 72),
(13417, 'A03', 'A02', 'C02', 2, 72),
(13418, 'A03', 'A02', 'C03', 2, 72),
(13419, 'A04', 'A02', 'C01', 2, 72),
(13420, 'A04', 'A02', 'C02', 2, 72),
(13421, 'A04', 'A02', 'C03', 2, 72),
(13422, 'A01', 'A02', 'C01', 0.5, 72),
(13423, 'A01', 'A02', 'C02', 1, 72),
(13424, 'A01', 'A02', 'C03', 2, 72),
(13425, 'A02', 'A02', 'C01', 1, 72),
(13426, 'A02', 'A02', 'C02', 1, 72),
(13427, 'A02', 'A02', 'C03', 1, 72),
(13428, 'A05', 'A02', 'C01', 2, 72),
(13429, 'A05', 'A02', 'C02', 3.003003003003003, 72),
(13430, 'A05', 'A02', 'C03', 2, 72),
(13431, 'A06', 'A02', 'C01', 4, 72),
(13432, 'A06', 'A02', 'C02', 4, 72),
(13433, 'A06', 'A02', 'C03', 1, 72),
(13434, 'A03', 'A05', 'C01', 0.5, 72),
(13435, 'A03', 'A05', 'C02', 0.5, 72),
(13436, 'A03', 'A05', 'C03', 2, 72),
(13437, 'A04', 'A05', 'C01', 0.5, 72),
(13438, 'A04', 'A05', 'C02', 0.5, 72),
(13439, 'A04', 'A05', 'C03', 0.5, 72),
(13440, 'A01', 'A05', 'C01', 0.333, 72),
(13441, 'A01', 'A05', 'C02', 0.5, 72),
(13442, 'A01', 'A05', 'C03', 0.333, 72),
(13443, 'A02', 'A05', 'C01', 0.5, 72),
(13444, 'A02', 'A05', 'C02', 0.333, 72),
(13445, 'A02', 'A05', 'C03', 0.5, 72),
(13446, 'A05', 'A05', 'C01', 1, 72),
(13447, 'A05', 'A05', 'C02', 1, 72),
(13448, 'A05', 'A05', 'C03', 1, 72),
(13449, 'A06', 'A05', 'C01', 2, 72),
(13450, 'A06', 'A05', 'C02', 0.16666666666666666, 72),
(13451, 'A06', 'A05', 'C03', 2, 72),
(13452, 'A03', 'A06', 'C01', 0.333, 72),
(13453, 'A03', 'A06', 'C02', 0.25, 72),
(13454, 'A03', 'A06', 'C03', 0.25, 72),
(13455, 'A04', 'A06', 'C01', 0.5, 72),
(13456, 'A04', 'A06', 'C02', 0.167, 72),
(13457, 'A04', 'A06', 'C03', 0.333, 72),
(13458, 'A01', 'A06', 'C01', 0.25, 72),
(13459, 'A01', 'A06', 'C02', 0.333, 72),
(13460, 'A01', 'A06', 'C03', 0.25, 72),
(13461, 'A02', 'A06', 'C01', 0.25, 72),
(12911, 'A01', 'A06', 'C03', 1, 24),
(12912, 'A02', 'A06', 'C01', 1, 24),
(12913, 'A02', 'A06', 'C02', 1, 24),
(12914, 'A02', 'A06', 'C03', 1, 24),
(12915, 'A05', 'A06', 'C01', 1, 24),
(12916, 'A05', 'A06', 'C02', 1, 24),
(12917, 'A05', 'A06', 'C03', 1, 24),
(12910, 'A01', 'A06', 'C02', 1, 24),
(12909, 'A01', 'A06', 'C01', 1, 24),
(12908, 'A04', 'A06', 'C03', 1, 24),
(12903, 'A03', 'A06', 'C01', 1, 24),
(12904, 'A03', 'A06', 'C02', 1, 24),
(12905, 'A03', 'A06', 'C03', 1, 24),
(12906, 'A04', 'A06', 'C01', 1, 24),
(12907, 'A04', 'A06', 'C02', 1, 24),
(12902, 'A05', 'A06', 'C03', 1, 1),
(12897, 'A02', 'A06', 'C01', 1, 1),
(12898, 'A02', 'A06', 'C02', 1, 1),
(12899, 'A02', 'A06', 'C03', 1, 1),
(12900, 'A05', 'A06', 'C01', 1, 1),
(12901, 'A05', 'A06', 'C02', 1, 1),
(12896, 'A01', 'A06', 'C03', 1, 1),
(12870, 'A06', 'A03', 'C01', 0.5, 68),
(12871, 'A06', 'A03', 'C02', 0.25, 68),
(12872, 'A06', 'A03', 'C03', 0.3333333333333333, 68),
(12873, 'A06', 'A04', 'C01', 0.5, 68),
(12874, 'A06', 'A04', 'C02', 0.5, 68),
(12875, 'A06', 'A04', 'C03', 0.5, 68),
(12876, 'A06', 'A01', 'C01', 0.14285714285714285, 68),
(12877, 'A06', 'A01', 'C02', 0.5, 68),
(12878, 'A06', 'A01', 'C03', 0.5, 68),
(12879, 'A06', 'A02', 'C01', 0.25, 68),
(12880, 'A06', 'A02', 'C02', 2, 68),
(12881, 'A06', 'A02', 'C03', 0.5, 68),
(12882, 'A06', 'A05', 'C01', 1, 68),
(12883, 'A06', 'A05', 'C02', 5, 68),
(12884, 'A06', 'A05', 'C03', 0.25, 68),
(12885, 'A06', 'A06', 'C01', 1, 68),
(12886, 'A06', 'A06', 'C02', 1, 68),
(12887, 'A06', 'A06', 'C03', 1, 68),
(12888, 'A03', 'A06', 'C01', 1, 1),
(12889, 'A03', 'A06', 'C02', 1, 1),
(12890, 'A03', 'A06', 'C03', 1, 1),
(12891, 'A04', 'A06', 'C01', 1, 1),
(12892, 'A04', 'A06', 'C02', 1, 1),
(12893, 'A04', 'A06', 'C03', 1, 1),
(12894, 'A01', 'A06', 'C01', 1, 1),
(12895, 'A01', 'A06', 'C02', 1, 1),
(12735, 'A06', 'A02', 'C01', 1, 24),
(12736, 'A06', 'A02', 'C02', 1, 24),
(12737, 'A06', 'A02', 'C03', 1, 24),
(12738, 'A06', 'A05', 'C01', 1, 24),
(12739, 'A06', 'A05', 'C02', 1, 24),
(12740, 'A06', 'A05', 'C03', 1, 24),
(12741, 'A06', 'A06', 'C01', 1, 24),
(12742, 'A06', 'A06', 'C02', 1, 24),
(12743, 'A06', 'A06', 'C03', 1, 24),
(12726, 'A06', 'A03', 'C01', 1, 24),
(12727, 'A06', 'A03', 'C02', 1, 24),
(12728, 'A06', 'A03', 'C03', 1, 24),
(12729, 'A06', 'A04', 'C01', 1, 24),
(12730, 'A06', 'A04', 'C02', 1, 24),
(12731, 'A06', 'A04', 'C03', 1, 24),
(12732, 'A06', 'A01', 'C01', 1, 24),
(12733, 'A06', 'A01', 'C02', 1, 24),
(12734, 'A06', 'A01', 'C03', 1, 24),
(12717, 'A06', 'A02', 'C01', 1, 1),
(12718, 'A06', 'A02', 'C02', 1, 1),
(12719, 'A06', 'A02', 'C03', 1, 1),
(12720, 'A06', 'A05', 'C01', 1, 1),
(12721, 'A06', 'A05', 'C02', 1, 1),
(12722, 'A06', 'A05', 'C03', 1, 1),
(12723, 'A06', 'A06', 'C01', 1, 1),
(12724, 'A06', 'A06', 'C02', 1, 1),
(12725, 'A06', 'A06', 'C03', 1, 1),
(12708, 'A06', 'A03', 'C01', 1, 1),
(12709, 'A06', 'A03', 'C02', 1, 1),
(12710, 'A06', 'A03', 'C03', 1, 1),
(12711, 'A06', 'A04', 'C01', 1, 1),
(12712, 'A06', 'A04', 'C02', 1, 1),
(12713, 'A06', 'A04', 'C03', 1, 1),
(12714, 'A06', 'A01', 'C01', 1, 1),
(12715, 'A06', 'A01', 'C02', 1, 1),
(12716, 'A06', 'A01', 'C03', 1, 1),
(12699, 'A04', 'A05', 'C01', 2, 68),
(12700, 'A04', 'A05', 'C02', 2, 68),
(12701, 'A04', 'A05', 'C03', 4, 68),
(12702, 'A01', 'A05', 'C01', 7, 68),
(12703, 'A01', 'A05', 'C02', 2, 68),
(12704, 'A01', 'A05', 'C03', 2, 68),
(12705, 'A02', 'A05', 'C01', 3, 68),
(12706, 'A02', 'A05', 'C02', 3, 68),
(12707, 'A02', 'A05', 'C03', 2, 68),
(12696, 'A03', 'A05', 'C01', 2, 68),
(12697, 'A03', 'A05', 'C02', 3, 68),
(12698, 'A03', 'A05', 'C03', 2, 68),
(11958, 'A01', 'A01', 'C01', 1, 1),
(11959, 'A01', 'A01', 'C02', 1, 1),
(11960, 'A01', 'A01', 'C03', 1, 1),
(11961, 'A01', 'A01', 'C01', 1, 24),
(11962, 'A01', 'A01', 'C02', 1, 24),
(11963, 'A01', 'A01', 'C03', 1, 24),
(11985, 'A01', 'A01', 'C01', 1, 68),
(11986, 'A01', 'A01', 'C02', 1, 68),
(11987, 'A01', 'A01', 'C03', 1, 68),
(11988, 'A02', 'A01', 'C02', 1, 1),
(11989, 'A02', 'A02', 'C02', 1, 1),
(11990, 'A02', 'A01', 'C01', 1, 1),
(11991, 'A02', 'A02', 'C01', 1, 1),
(11992, 'A02', 'A01', 'C03', 1, 1),
(11993, 'A02', 'A02', 'C03', 1, 1),
(11994, 'A02', 'A01', 'C02', 1, 24),
(11995, 'A02', 'A02', 'C02', 1, 24),
(11996, 'A02', 'A01', 'C01', 1, 24),
(11997, 'A02', 'A02', 'C01', 1, 24),
(11998, 'A02', 'A01', 'C03', 1, 24),
(11999, 'A02', 'A02', 'C03', 1, 24),
(12042, 'A02', 'A01', 'C02', 0.25, 68),
(12043, 'A02', 'A02', 'C02', 1, 68),
(12044, 'A02', 'A01', 'C01', 0.3333333333333333, 68),
(12045, 'A02', 'A02', 'C01', 1, 68),
(12046, 'A02', 'A01', 'C03', 0.5, 68),
(12047, 'A02', 'A02', 'C03', 1, 68),
(12048, 'A01', 'A02', 'C02', 1, 1),
(12049, 'A01', 'A02', 'C01', 1, 1),
(12050, 'A01', 'A02', 'C03', 1, 1),
(12051, 'A01', 'A02', 'C02', 1, 24),
(12052, 'A01', 'A02', 'C01', 1, 24),
(12053, 'A01', 'A02', 'C03', 1, 24),
(12075, 'A01', 'A02', 'C02', 4, 68),
(12076, 'A01', 'A02', 'C01', 3, 68),
(12077, 'A01', 'A02', 'C03', 2, 68),
(12078, 'A03', 'A01', 'C02', 1, 1),
(12079, 'A03', 'A02', 'C02', 1, 1),
(12080, 'A03', 'A03', 'C02', 1, 1),
(12081, 'A03', 'A01', 'C01', 1, 1),
(12082, 'A03', 'A02', 'C01', 1, 1),
(12083, 'A03', 'A03', 'C01', 1, 1),
(12084, 'A03', 'A01', 'C03', 1, 1),
(12085, 'A03', 'A02', 'C03', 1, 1),
(12086, 'A03', 'A03', 'C03', 1, 1),
(12087, 'A03', 'A01', 'C02', 1, 24),
(12088, 'A03', 'A02', 'C02', 1, 24),
(12089, 'A03', 'A03', 'C02', 1, 24),
(12090, 'A03', 'A01', 'C01', 1, 24),
(12091, 'A03', 'A02', 'C01', 1, 24),
(12092, 'A03', 'A03', 'C01', 1, 24),
(12093, 'A03', 'A01', 'C03', 1, 24),
(12094, 'A03', 'A02', 'C03', 1, 24),
(12095, 'A03', 'A03', 'C03', 1, 24),
(12159, 'A03', 'A01', 'C02', 0.3333333333333333, 68),
(12160, 'A03', 'A02', 'C02', 0.3333333333333333, 68),
(12161, 'A03', 'A03', 'C02', 1, 68),
(12162, 'A03', 'A01', 'C01', 0.2, 68),
(12163, 'A03', 'A02', 'C01', 0.3333333333333333, 68),
(12164, 'A03', 'A03', 'C01', 1, 68),
(12165, 'A03', 'A01', 'C03', 0.5, 68),
(12166, 'A03', 'A02', 'C03', 3.003003003003003, 68),
(12167, 'A03', 'A03', 'C03', 1, 68),
(12168, 'A01', 'A03', 'C02', 1, 1),
(12169, 'A02', 'A03', 'C02', 1, 1),
(12170, 'A01', 'A03', 'C01', 1, 1),
(12171, 'A02', 'A03', 'C01', 1, 1),
(12172, 'A01', 'A03', 'C03', 1, 1),
(12173, 'A02', 'A03', 'C03', 1, 1),
(12174, 'A01', 'A03', 'C02', 1, 24),
(12175, 'A02', 'A03', 'C02', 1, 24),
(12176, 'A01', 'A03', 'C01', 1, 24),
(12177, 'A02', 'A03', 'C01', 1, 24),
(12178, 'A01', 'A03', 'C03', 1, 24),
(12179, 'A02', 'A03', 'C03', 1, 24),
(12222, 'A01', 'A03', 'C02', 3, 68),
(12223, 'A02', 'A03', 'C02', 3, 68),
(12224, 'A01', 'A03', 'C01', 5, 68),
(12225, 'A02', 'A03', 'C01', 3, 68),
(12226, 'A01', 'A03', 'C03', 2, 68),
(12227, 'A02', 'A03', 'C03', 0.333, 68),
(12228, 'A04', 'A03', 'C01', 1, 1),
(12229, 'A04', 'A03', 'C02', 1, 1),
(12230, 'A04', 'A03', 'C03', 1, 1),
(12231, 'A04', 'A04', 'C01', 1, 1),
(12232, 'A04', 'A04', 'C02', 1, 1),
(12233, 'A04', 'A04', 'C03', 1, 1),
(12234, 'A04', 'A01', 'C01', 1, 1),
(12235, 'A04', 'A01', 'C02', 1, 1),
(12236, 'A04', 'A01', 'C03', 1, 1),
(12237, 'A04', 'A02', 'C01', 1, 1),
(12238, 'A04', 'A02', 'C02', 1, 1),
(12239, 'A04', 'A02', 'C03', 1, 1),
(12240, 'A04', 'A03', 'C01', 1, 24),
(12241, 'A04', 'A03', 'C02', 1, 24),
(12242, 'A04', 'A03', 'C03', 1, 24),
(12243, 'A04', 'A04', 'C01', 1, 24),
(12244, 'A04', 'A04', 'C02', 1, 24),
(12245, 'A04', 'A04', 'C03', 1, 24),
(12246, 'A04', 'A01', 'C01', 1, 24),
(12247, 'A04', 'A01', 'C02', 1, 24),
(12248, 'A04', 'A01', 'C03', 1, 24),
(12249, 'A04', 'A02', 'C01', 1, 24),
(12250, 'A04', 'A02', 'C02', 1, 24),
(12251, 'A04', 'A02', 'C03', 1, 24),
(12336, 'A04', 'A03', 'C01', 2, 68),
(12337, 'A04', 'A03', 'C02', 0.3333333333333333, 68),
(12338, 'A04', 'A03', 'C03', 0.25, 68),
(12339, 'A04', 'A04', 'C01', 1, 68),
(12340, 'A04', 'A04', 'C02', 1, 68),
(12341, 'A04', 'A04', 'C03', 1, 68),
(12342, 'A04', 'A01', 'C01', 0.2, 68);
INSERT INTO `tb_rel_alternatif` (`ID`, `kode1`, `kode2`, `kode_kriteria`, `nilai`, `id_user`) VALUES
(12343, 'A04', 'A01', 'C02', 0.5, 68),
(12344, 'A04', 'A01', 'C03', 0.3333333333333333, 68),
(12345, 'A04', 'A02', 'C01', 0.3333333333333333, 68),
(12346, 'A04', 'A02', 'C02', 0.25, 68),
(12347, 'A04', 'A02', 'C03', 0.3333333333333333, 68),
(12348, 'A03', 'A04', 'C01', 1, 1),
(12349, 'A03', 'A04', 'C02', 1, 1),
(12350, 'A03', 'A04', 'C03', 1, 1),
(12351, 'A01', 'A04', 'C01', 1, 1),
(12352, 'A01', 'A04', 'C02', 1, 1),
(12353, 'A01', 'A04', 'C03', 1, 1),
(12354, 'A02', 'A04', 'C01', 1, 1),
(12355, 'A02', 'A04', 'C02', 1, 1),
(12356, 'A02', 'A04', 'C03', 1, 1),
(12357, 'A03', 'A04', 'C01', 1, 24),
(12358, 'A03', 'A04', 'C02', 1, 24),
(12359, 'A03', 'A04', 'C03', 1, 24),
(12360, 'A01', 'A04', 'C01', 1, 24),
(12361, 'A01', 'A04', 'C02', 1, 24),
(12362, 'A01', 'A04', 'C03', 1, 24),
(12363, 'A02', 'A04', 'C01', 1, 24),
(12364, 'A02', 'A04', 'C02', 1, 24),
(12365, 'A02', 'A04', 'C03', 1, 24),
(12429, 'A03', 'A04', 'C01', 0.5, 68),
(12430, 'A03', 'A04', 'C02', 3, 68),
(12431, 'A03', 'A04', 'C03', 4, 68),
(12432, 'A01', 'A04', 'C01', 5, 68),
(12433, 'A01', 'A04', 'C02', 2, 68),
(12434, 'A01', 'A04', 'C03', 3, 68),
(12435, 'A02', 'A04', 'C01', 3, 68),
(12436, 'A02', 'A04', 'C02', 4, 68),
(12437, 'A02', 'A04', 'C03', 3, 68),
(12438, 'A05', 'A03', 'C01', 1, 1),
(12439, 'A05', 'A03', 'C02', 1, 1),
(12440, 'A05', 'A03', 'C03', 1, 1),
(12441, 'A05', 'A04', 'C01', 1, 1),
(12442, 'A05', 'A04', 'C02', 1, 1),
(12443, 'A05', 'A04', 'C03', 1, 1),
(12444, 'A05', 'A01', 'C01', 1, 1),
(12445, 'A05', 'A01', 'C02', 1, 1),
(12446, 'A05', 'A01', 'C03', 1, 1),
(12447, 'A05', 'A02', 'C01', 1, 1),
(12448, 'A05', 'A02', 'C02', 1, 1),
(12449, 'A05', 'A02', 'C03', 1, 1),
(12450, 'A05', 'A05', 'C01', 1, 1),
(12451, 'A05', 'A05', 'C02', 1, 1),
(12452, 'A05', 'A05', 'C03', 1, 1),
(12453, 'A05', 'A03', 'C01', 1, 24),
(12454, 'A05', 'A03', 'C02', 1, 24),
(12455, 'A05', 'A03', 'C03', 1, 24),
(12456, 'A05', 'A04', 'C01', 1, 24),
(12457, 'A05', 'A04', 'C02', 1, 24),
(12458, 'A05', 'A04', 'C03', 1, 24),
(12459, 'A05', 'A01', 'C01', 1, 24),
(12460, 'A05', 'A01', 'C02', 1, 24),
(12461, 'A05', 'A01', 'C03', 1, 24),
(12462, 'A05', 'A02', 'C01', 1, 24),
(12463, 'A05', 'A02', 'C02', 1, 24),
(12464, 'A05', 'A02', 'C03', 1, 24),
(12465, 'A05', 'A05', 'C01', 1, 24),
(12466, 'A05', 'A05', 'C02', 1, 24),
(12467, 'A05', 'A05', 'C03', 1, 24),
(12573, 'A05', 'A03', 'C01', 0.5, 68),
(12574, 'A05', 'A03', 'C02', 0.3333333333333333, 68),
(12575, 'A05', 'A03', 'C03', 0.5, 68),
(12576, 'A05', 'A04', 'C01', 0.5, 68),
(12577, 'A05', 'A04', 'C02', 0.5, 68),
(12578, 'A05', 'A04', 'C03', 0.25, 68),
(12579, 'A05', 'A01', 'C01', 0.14285714285714285, 68),
(12580, 'A05', 'A01', 'C02', 0.5, 68),
(12581, 'A05', 'A01', 'C03', 0.5, 68),
(12582, 'A05', 'A02', 'C01', 0.3333333333333333, 68),
(12583, 'A05', 'A02', 'C02', 0.3333333333333333, 68),
(12584, 'A05', 'A02', 'C03', 0.5, 68),
(12585, 'A05', 'A05', 'C01', 1, 68),
(12586, 'A05', 'A05', 'C02', 1, 68),
(12587, 'A05', 'A05', 'C03', 1, 68),
(12588, 'A03', 'A05', 'C01', 1, 1),
(12589, 'A03', 'A05', 'C02', 1, 1),
(12590, 'A03', 'A05', 'C03', 1, 1),
(12591, 'A04', 'A05', 'C01', 1, 1),
(12592, 'A04', 'A05', 'C02', 1, 1),
(12593, 'A04', 'A05', 'C03', 1, 1),
(12594, 'A01', 'A05', 'C01', 1, 1),
(12595, 'A01', 'A05', 'C02', 1, 1),
(12596, 'A01', 'A05', 'C03', 1, 1),
(12597, 'A02', 'A05', 'C01', 1, 1),
(12598, 'A02', 'A05', 'C02', 1, 1),
(12599, 'A02', 'A05', 'C03', 1, 1),
(12600, 'A03', 'A05', 'C01', 1, 24),
(12601, 'A03', 'A05', 'C02', 1, 24),
(12602, 'A03', 'A05', 'C03', 1, 24),
(12603, 'A04', 'A05', 'C01', 1, 24),
(12604, 'A04', 'A05', 'C02', 1, 24),
(12605, 'A04', 'A05', 'C03', 1, 24),
(12606, 'A01', 'A05', 'C01', 1, 24),
(12607, 'A01', 'A05', 'C02', 1, 24),
(12608, 'A01', 'A05', 'C03', 1, 24),
(12609, 'A02', 'A05', 'C01', 1, 24),
(12610, 'A02', 'A05', 'C02', 1, 24),
(12611, 'A02', 'A05', 'C03', 1, 24),
(14657, 'A06', 'A06', 'C03', 1, 83),
(14656, 'A06', 'A06', 'C02', 1, 83),
(14655, 'A06', 'A06', 'C01', 1, 83),
(14654, 'A05', 'A06', 'C03', 0.5, 83),
(14653, 'A05', 'A06', 'C02', 3, 83),
(14652, 'A05', 'A06', 'C01', 4, 83),
(14651, 'A02', 'A06', 'C03', 3, 83),
(14650, 'A02', 'A06', 'C02', 0.25, 83),
(14649, 'A02', 'A06', 'C01', 3, 83),
(14648, 'A01', 'A06', 'C03', 0.5, 83),
(14647, 'A01', 'A06', 'C02', 0.16666666666666666, 83),
(14646, 'A01', 'A06', 'C01', 0.5, 83),
(14645, 'A04', 'A06', 'C03', 2, 83),
(14644, 'A04', 'A06', 'C02', 5, 83),
(14643, 'A04', 'A06', 'C01', 0.25, 83),
(14642, 'A03', 'A06', 'C03', 0.2, 83),
(14641, 'A03', 'A06', 'C02', 0.5, 83),
(14640, 'A03', 'A06', 'C01', 0.14285714285714285, 83),
(14639, 'A06', 'A05', 'C03', 2, 83),
(14638, 'A06', 'A05', 'C02', 0.3333333333333333, 83),
(14637, 'A06', 'A05', 'C01', 0.25, 83),
(14636, 'A05', 'A05', 'C03', 1, 83),
(14635, 'A05', 'A05', 'C02', 1, 83),
(14634, 'A05', 'A05', 'C01', 1, 83),
(14633, 'A02', 'A05', 'C03', 0.25, 83),
(14632, 'A02', 'A05', 'C02', 3, 83),
(14631, 'A02', 'A05', 'C01', 0.2, 83),
(14630, 'A01', 'A05', 'C03', 3, 83),
(14629, 'A01', 'A05', 'C02', 2, 83),
(14628, 'A01', 'A05', 'C01', 0.3333333333333333, 83),
(14627, 'A04', 'A05', 'C03', 0.2, 83),
(14626, 'A04', 'A05', 'C02', 3, 83),
(14625, 'A04', 'A05', 'C01', 6, 83),
(14624, 'A03', 'A05', 'C03', 4, 83),
(14623, 'A03', 'A05', 'C02', 0.2, 83),
(14622, 'A03', 'A05', 'C01', 0.5, 83),
(14621, 'A06', 'A02', 'C03', 0.3333333333333333, 83),
(14620, 'A06', 'A02', 'C02', 4, 83),
(14619, 'A06', 'A02', 'C01', 0.3333333333333333, 83),
(14618, 'A05', 'A02', 'C03', 4, 83),
(14617, 'A05', 'A02', 'C02', 0.3333333333333333, 83),
(14616, 'A05', 'A02', 'C01', 5, 83),
(14615, 'A02', 'A02', 'C03', 1, 83),
(14614, 'A02', 'A02', 'C02', 1, 83),
(14613, 'A02', 'A02', 'C01', 1, 83),
(14612, 'A01', 'A02', 'C03', 3, 83),
(14611, 'A01', 'A02', 'C02', 0.25, 83),
(14610, 'A01', 'A02', 'C01', 5, 83),
(14609, 'A04', 'A02', 'C03', 3, 83),
(14608, 'A04', 'A02', 'C02', 2, 83),
(14607, 'A04', 'A02', 'C01', 0.25, 83),
(14606, 'A03', 'A02', 'C03', 0.16666666666666666, 83),
(14605, 'A03', 'A02', 'C02', 3, 83),
(14604, 'A03', 'A02', 'C01', 7, 83),
(14603, 'A06', 'A01', 'C03', 2, 83),
(14602, 'A06', 'A01', 'C02', 6, 83),
(14601, 'A06', 'A01', 'C01', 2, 83),
(14600, 'A05', 'A01', 'C03', 0.3333333333333333, 83),
(14599, 'A05', 'A01', 'C02', 0.5, 83),
(14598, 'A05', 'A01', 'C01', 3, 83),
(14597, 'A02', 'A01', 'C03', 0.3333333333333333, 83),
(14596, 'A02', 'A01', 'C02', 4, 83),
(14595, 'A02', 'A01', 'C01', 0.2, 83),
(14594, 'A01', 'A01', 'C03', 1, 83),
(14593, 'A01', 'A01', 'C02', 1, 83),
(14592, 'A01', 'A01', 'C01', 1, 83),
(14591, 'A04', 'A01', 'C03', 2, 83),
(14590, 'A04', 'A01', 'C02', 0.25, 83),
(14589, 'A04', 'A01', 'C01', 4, 83),
(14588, 'A03', 'A01', 'C03', 4, 83),
(14587, 'A03', 'A01', 'C02', 0.5, 83),
(14586, 'A03', 'A01', 'C01', 3, 83),
(14585, 'A06', 'A04', 'C03', 0.5, 83),
(14584, 'A06', 'A04', 'C02', 0.2, 83),
(14583, 'A06', 'A04', 'C01', 4, 83),
(14582, 'A05', 'A04', 'C03', 5, 83),
(14581, 'A05', 'A04', 'C02', 0.3333333333333333, 83),
(14580, 'A05', 'A04', 'C01', 0.16666666666666666, 83),
(14579, 'A02', 'A04', 'C03', 0.3333333333333333, 83),
(14578, 'A02', 'A04', 'C02', 0.5, 83),
(14577, 'A02', 'A04', 'C01', 4, 83),
(14576, 'A01', 'A04', 'C03', 0.5, 83),
(14575, 'A01', 'A04', 'C02', 4, 83),
(14574, 'A01', 'A04', 'C01', 0.25, 83),
(14573, 'A04', 'A04', 'C03', 1, 83),
(14572, 'A04', 'A04', 'C02', 1, 83),
(14571, 'A04', 'A04', 'C01', 1, 83),
(14570, 'A03', 'A04', 'C03', 2, 83),
(14569, 'A03', 'A04', 'C02', 4, 83),
(14568, 'A03', 'A04', 'C01', 3, 83),
(14567, 'A06', 'A03', 'C03', 5, 83),
(14566, 'A06', 'A03', 'C02', 2, 83),
(14565, 'A06', 'A03', 'C01', 7, 83),
(14564, 'A05', 'A03', 'C03', 0.25, 83),
(14563, 'A05', 'A03', 'C02', 5, 83),
(14562, 'A05', 'A03', 'C01', 2, 83),
(14561, 'A02', 'A03', 'C03', 6, 83),
(14560, 'A02', 'A03', 'C02', 0.3333333333333333, 83),
(14559, 'A02', 'A03', 'C01', 0.14285714285714285, 83),
(14558, 'A01', 'A03', 'C03', 0.25, 83),
(14557, 'A01', 'A03', 'C02', 2, 83),
(14556, 'A01', 'A03', 'C01', 0.3333333333333333, 83),
(14555, 'A04', 'A03', 'C03', 0.5, 83),
(14554, 'A04', 'A03', 'C02', 0.25, 83),
(14553, 'A04', 'A03', 'C01', 0.3333333333333333, 83),
(14552, 'A03', 'A03', 'C03', 1, 83),
(14551, 'A03', 'A03', 'C02', 1, 83),
(14550, 'A03', 'A03', 'C01', 1, 83),
(14549, 'A06', 'A06', 'C03', 1, 82),
(14548, 'A06', 'A06', 'C02', 1, 82),
(14547, 'A06', 'A06', 'C01', 1, 82),
(14546, 'A05', 'A06', 'C03', 1, 82),
(14545, 'A05', 'A06', 'C02', 1, 82),
(14544, 'A05', 'A06', 'C01', 1, 82),
(14543, 'A02', 'A06', 'C03', 1, 82),
(14542, 'A02', 'A06', 'C02', 1, 82),
(14541, 'A02', 'A06', 'C01', 1, 82),
(14540, 'A01', 'A06', 'C03', 1, 82),
(14539, 'A01', 'A06', 'C02', 1, 82),
(14538, 'A01', 'A06', 'C01', 1, 82),
(14537, 'A04', 'A06', 'C03', 1, 82),
(14536, 'A04', 'A06', 'C02', 1, 82),
(14535, 'A04', 'A06', 'C01', 1, 82),
(14534, 'A03', 'A06', 'C03', 1, 82),
(14533, 'A03', 'A06', 'C02', 1, 82),
(14532, 'A03', 'A06', 'C01', 1, 82),
(14531, 'A06', 'A05', 'C03', 1, 82),
(14530, 'A06', 'A05', 'C02', 1, 82),
(14529, 'A06', 'A05', 'C01', 1, 82),
(14528, 'A05', 'A05', 'C03', 1, 82),
(14527, 'A05', 'A05', 'C02', 1, 82),
(14526, 'A05', 'A05', 'C01', 1, 82),
(14525, 'A02', 'A05', 'C03', 1, 82),
(14524, 'A02', 'A05', 'C02', 1, 82),
(14523, 'A02', 'A05', 'C01', 1, 82),
(14522, 'A01', 'A05', 'C03', 1, 82),
(14521, 'A01', 'A05', 'C02', 1, 82),
(14520, 'A01', 'A05', 'C01', 1, 82),
(14519, 'A04', 'A05', 'C03', 1, 82),
(14518, 'A04', 'A05', 'C02', 1, 82),
(14517, 'A04', 'A05', 'C01', 1, 82),
(14516, 'A03', 'A05', 'C03', 1, 82),
(14515, 'A03', 'A05', 'C02', 1, 82),
(14514, 'A03', 'A05', 'C01', 1, 82),
(14513, 'A06', 'A02', 'C03', 1, 82),
(14512, 'A06', 'A02', 'C02', 1, 82),
(14511, 'A06', 'A02', 'C01', 1, 82),
(14510, 'A05', 'A02', 'C03', 1, 82),
(14509, 'A05', 'A02', 'C02', 1, 82),
(14508, 'A05', 'A02', 'C01', 1, 82),
(14507, 'A02', 'A02', 'C03', 1, 82),
(14506, 'A02', 'A02', 'C02', 1, 82),
(14505, 'A02', 'A02', 'C01', 1, 82),
(14504, 'A01', 'A02', 'C03', 1, 82),
(14503, 'A01', 'A02', 'C02', 1, 82),
(14502, 'A01', 'A02', 'C01', 1, 82),
(14501, 'A04', 'A02', 'C03', 1, 82),
(14500, 'A04', 'A02', 'C02', 1, 82),
(14499, 'A04', 'A02', 'C01', 1, 82),
(14498, 'A03', 'A02', 'C03', 1, 82),
(14497, 'A03', 'A02', 'C02', 1, 82),
(14496, 'A03', 'A02', 'C01', 1, 82),
(14495, 'A06', 'A01', 'C03', 1, 82),
(14494, 'A06', 'A01', 'C02', 1, 82),
(14493, 'A06', 'A01', 'C01', 1, 82),
(14492, 'A05', 'A01', 'C03', 1, 82),
(14491, 'A05', 'A01', 'C02', 1, 82),
(14490, 'A05', 'A01', 'C01', 1, 82),
(14489, 'A02', 'A01', 'C03', 1, 82),
(14488, 'A02', 'A01', 'C02', 1, 82),
(14487, 'A02', 'A01', 'C01', 1, 82),
(14486, 'A01', 'A01', 'C03', 1, 82),
(14485, 'A01', 'A01', 'C02', 1, 82),
(14484, 'A01', 'A01', 'C01', 1, 82),
(14483, 'A04', 'A01', 'C03', 1, 82),
(14482, 'A04', 'A01', 'C02', 1, 82),
(14481, 'A04', 'A01', 'C01', 1, 82),
(14480, 'A03', 'A01', 'C03', 1, 82),
(14479, 'A03', 'A01', 'C02', 1, 82),
(14478, 'A03', 'A01', 'C01', 1, 82),
(14477, 'A06', 'A04', 'C03', 1, 82),
(14476, 'A06', 'A04', 'C02', 1, 82),
(14475, 'A06', 'A04', 'C01', 1, 82),
(14474, 'A05', 'A04', 'C03', 1, 82),
(14473, 'A05', 'A04', 'C02', 1, 82),
(14472, 'A05', 'A04', 'C01', 1, 82),
(14471, 'A02', 'A04', 'C03', 1, 82),
(14470, 'A02', 'A04', 'C02', 1, 82),
(14469, 'A02', 'A04', 'C01', 1, 82),
(14468, 'A01', 'A04', 'C03', 1, 82),
(14467, 'A01', 'A04', 'C02', 1, 82),
(14466, 'A01', 'A04', 'C01', 1, 82),
(14465, 'A04', 'A04', 'C03', 1, 82),
(14464, 'A04', 'A04', 'C02', 1, 82),
(14463, 'A04', 'A04', 'C01', 1, 82),
(14462, 'A03', 'A04', 'C03', 1, 82),
(14461, 'A03', 'A04', 'C02', 1, 82),
(14460, 'A03', 'A04', 'C01', 1, 82),
(14459, 'A06', 'A03', 'C03', 1, 82),
(14458, 'A06', 'A03', 'C02', 1, 82),
(14457, 'A06', 'A03', 'C01', 1, 82),
(14456, 'A05', 'A03', 'C03', 1, 82),
(14455, 'A05', 'A03', 'C02', 1, 82),
(14454, 'A05', 'A03', 'C01', 1, 82),
(14453, 'A02', 'A03', 'C03', 1, 82),
(14452, 'A02', 'A03', 'C02', 1, 82),
(14451, 'A02', 'A03', 'C01', 1, 82),
(14450, 'A01', 'A03', 'C03', 1, 82),
(14449, 'A01', 'A03', 'C02', 1, 82),
(14448, 'A01', 'A03', 'C01', 1, 82),
(14447, 'A04', 'A03', 'C03', 1, 82),
(14446, 'A04', 'A03', 'C02', 1, 82),
(14445, 'A04', 'A03', 'C01', 1, 82),
(14444, 'A03', 'A03', 'C03', 1, 82),
(14443, 'A03', 'A03', 'C02', 1, 82),
(14442, 'A03', 'A03', 'C01', 1, 82),
(14441, 'A06', 'A06', 'C03', 1, 81),
(14440, 'A06', 'A06', 'C02', 1, 81),
(14439, 'A06', 'A06', 'C01', 1, 81),
(14438, 'A05', 'A06', 'C03', 1, 81),
(14437, 'A05', 'A06', 'C02', 1, 81),
(14436, 'A05', 'A06', 'C01', 1, 81),
(14435, 'A02', 'A06', 'C03', 1, 81),
(14434, 'A02', 'A06', 'C02', 1, 81),
(14433, 'A02', 'A06', 'C01', 1, 81),
(14432, 'A01', 'A06', 'C03', 1, 81),
(14431, 'A01', 'A06', 'C02', 1, 81),
(14430, 'A01', 'A06', 'C01', 1, 81),
(14429, 'A04', 'A06', 'C03', 1, 81),
(14428, 'A04', 'A06', 'C02', 1, 81),
(14427, 'A04', 'A06', 'C01', 1, 81),
(14426, 'A03', 'A06', 'C03', 1, 81),
(14425, 'A03', 'A06', 'C02', 1, 81),
(14424, 'A03', 'A06', 'C01', 1, 81),
(14423, 'A06', 'A05', 'C03', 1, 81),
(14422, 'A06', 'A05', 'C02', 1, 81),
(14421, 'A06', 'A05', 'C01', 1, 81),
(14420, 'A05', 'A05', 'C03', 1, 81),
(14419, 'A05', 'A05', 'C02', 1, 81),
(14418, 'A05', 'A05', 'C01', 1, 81),
(14417, 'A02', 'A05', 'C03', 1, 81),
(14416, 'A02', 'A05', 'C02', 1, 81),
(14415, 'A02', 'A05', 'C01', 1, 81),
(14414, 'A01', 'A05', 'C03', 1, 81),
(14413, 'A01', 'A05', 'C02', 1, 81),
(14412, 'A01', 'A05', 'C01', 1, 81),
(14411, 'A04', 'A05', 'C03', 1, 81),
(14410, 'A04', 'A05', 'C02', 1, 81),
(14409, 'A04', 'A05', 'C01', 1, 81),
(14408, 'A03', 'A05', 'C03', 1, 81),
(14407, 'A03', 'A05', 'C02', 1, 81),
(14406, 'A03', 'A05', 'C01', 1, 81),
(14405, 'A06', 'A02', 'C03', 1, 81),
(14404, 'A06', 'A02', 'C02', 1, 81),
(14403, 'A06', 'A02', 'C01', 1, 81),
(14402, 'A05', 'A02', 'C03', 1, 81),
(14401, 'A05', 'A02', 'C02', 1, 81),
(14400, 'A05', 'A02', 'C01', 1, 81),
(14399, 'A02', 'A02', 'C03', 1, 81),
(14398, 'A02', 'A02', 'C02', 1, 81),
(14397, 'A02', 'A02', 'C01', 1, 81),
(14396, 'A01', 'A02', 'C03', 1, 81),
(14395, 'A01', 'A02', 'C02', 1, 81),
(14394, 'A01', 'A02', 'C01', 1, 81),
(14393, 'A04', 'A02', 'C03', 1, 81),
(14392, 'A04', 'A02', 'C02', 1, 81),
(14391, 'A04', 'A02', 'C01', 1, 81),
(14390, 'A03', 'A02', 'C03', 1, 81),
(14389, 'A03', 'A02', 'C02', 1, 81),
(14388, 'A03', 'A02', 'C01', 1, 81),
(14387, 'A06', 'A01', 'C03', 1, 81),
(14386, 'A06', 'A01', 'C02', 1, 81),
(14385, 'A06', 'A01', 'C01', 1, 81),
(14384, 'A05', 'A01', 'C03', 1, 81),
(14383, 'A05', 'A01', 'C02', 1, 81),
(14382, 'A05', 'A01', 'C01', 1, 81),
(14381, 'A02', 'A01', 'C03', 1, 81),
(14380, 'A02', 'A01', 'C02', 1, 81),
(14379, 'A02', 'A01', 'C01', 1, 81),
(14378, 'A01', 'A01', 'C03', 1, 81),
(14377, 'A01', 'A01', 'C02', 1, 81),
(14376, 'A01', 'A01', 'C01', 1, 81),
(14375, 'A04', 'A01', 'C03', 1, 81),
(14374, 'A04', 'A01', 'C02', 1, 81),
(14373, 'A04', 'A01', 'C01', 1, 81),
(14372, 'A03', 'A01', 'C03', 1, 81),
(14371, 'A03', 'A01', 'C02', 1, 81),
(14370, 'A03', 'A01', 'C01', 1, 81),
(14369, 'A06', 'A04', 'C03', 1, 81),
(14368, 'A06', 'A04', 'C02', 1, 81),
(14367, 'A06', 'A04', 'C01', 1, 81),
(14366, 'A05', 'A04', 'C03', 1, 81),
(14365, 'A05', 'A04', 'C02', 1, 81),
(14364, 'A05', 'A04', 'C01', 1, 81),
(14363, 'A02', 'A04', 'C03', 1, 81),
(14362, 'A02', 'A04', 'C02', 1, 81),
(14361, 'A02', 'A04', 'C01', 1, 81),
(14360, 'A01', 'A04', 'C03', 1, 81),
(14359, 'A01', 'A04', 'C02', 1, 81),
(14358, 'A01', 'A04', 'C01', 1, 81),
(14357, 'A04', 'A04', 'C03', 1, 81),
(14356, 'A04', 'A04', 'C02', 1, 81),
(14355, 'A04', 'A04', 'C01', 1, 81),
(14354, 'A03', 'A04', 'C03', 1, 81),
(14353, 'A03', 'A04', 'C02', 1, 81),
(14352, 'A03', 'A04', 'C01', 1, 81),
(14351, 'A06', 'A03', 'C03', 1, 81),
(14350, 'A06', 'A03', 'C02', 1, 81),
(14349, 'A06', 'A03', 'C01', 1, 81),
(14348, 'A05', 'A03', 'C03', 1, 81),
(14347, 'A05', 'A03', 'C02', 1, 81),
(14346, 'A05', 'A03', 'C01', 1, 81),
(14345, 'A02', 'A03', 'C03', 1, 81),
(14344, 'A02', 'A03', 'C02', 1, 81),
(14343, 'A02', 'A03', 'C01', 1, 81),
(14342, 'A01', 'A03', 'C03', 1, 81),
(14341, 'A01', 'A03', 'C02', 1, 81),
(14340, 'A01', 'A03', 'C01', 1, 81),
(14339, 'A04', 'A03', 'C03', 1, 81),
(14338, 'A04', 'A03', 'C02', 1, 81),
(14337, 'A04', 'A03', 'C01', 1, 81),
(14336, 'A03', 'A03', 'C03', 1, 81),
(14335, 'A03', 'A03', 'C02', 1, 81),
(14334, 'A03', 'A03', 'C01', 1, 81),
(14333, 'A06', 'A06', 'C03', 1, 80),
(14332, 'A06', 'A06', 'C02', 1, 80),
(14331, 'A06', 'A06', 'C01', 1, 80),
(14330, 'A05', 'A06', 'C03', 1, 80),
(14329, 'A05', 'A06', 'C02', 1, 80),
(14328, 'A05', 'A06', 'C01', 1, 80),
(14327, 'A02', 'A06', 'C03', 1, 80),
(14326, 'A02', 'A06', 'C02', 1, 80),
(14325, 'A02', 'A06', 'C01', 1, 80),
(14324, 'A01', 'A06', 'C03', 1, 80),
(14323, 'A01', 'A06', 'C02', 1, 80),
(14322, 'A01', 'A06', 'C01', 1, 80),
(14321, 'A04', 'A06', 'C03', 1, 80),
(14320, 'A04', 'A06', 'C02', 1, 80),
(14319, 'A04', 'A06', 'C01', 1, 80),
(14318, 'A03', 'A06', 'C03', 1, 80),
(14317, 'A03', 'A06', 'C02', 1, 80),
(14316, 'A03', 'A06', 'C01', 1, 80),
(14315, 'A06', 'A05', 'C03', 1, 80),
(14314, 'A06', 'A05', 'C02', 1, 80),
(14313, 'A06', 'A05', 'C01', 1, 80),
(14312, 'A05', 'A05', 'C03', 1, 80),
(14311, 'A05', 'A05', 'C02', 1, 80),
(14310, 'A05', 'A05', 'C01', 1, 80),
(14309, 'A02', 'A05', 'C03', 1, 80),
(14308, 'A02', 'A05', 'C02', 1, 80),
(14307, 'A02', 'A05', 'C01', 1, 80),
(14306, 'A01', 'A05', 'C03', 1, 80),
(14305, 'A01', 'A05', 'C02', 1, 80),
(14304, 'A01', 'A05', 'C01', 1, 80),
(14303, 'A04', 'A05', 'C03', 1, 80),
(14302, 'A04', 'A05', 'C02', 1, 80),
(14301, 'A04', 'A05', 'C01', 1, 80),
(14300, 'A03', 'A05', 'C03', 1, 80),
(14299, 'A03', 'A05', 'C02', 1, 80),
(14298, 'A03', 'A05', 'C01', 1, 80),
(14297, 'A06', 'A02', 'C03', 1, 80),
(14296, 'A06', 'A02', 'C02', 1, 80),
(14295, 'A06', 'A02', 'C01', 1, 80),
(14294, 'A05', 'A02', 'C03', 1, 80),
(14293, 'A05', 'A02', 'C02', 1, 80),
(14292, 'A05', 'A02', 'C01', 1, 80),
(14291, 'A02', 'A02', 'C03', 1, 80),
(14290, 'A02', 'A02', 'C02', 1, 80),
(14289, 'A02', 'A02', 'C01', 1, 80),
(14288, 'A01', 'A02', 'C03', 1, 80),
(14287, 'A01', 'A02', 'C02', 1, 80),
(14286, 'A01', 'A02', 'C01', 1, 80),
(14285, 'A04', 'A02', 'C03', 1, 80),
(14284, 'A04', 'A02', 'C02', 1, 80),
(14283, 'A04', 'A02', 'C01', 1, 80),
(14282, 'A03', 'A02', 'C03', 1, 80),
(14281, 'A03', 'A02', 'C02', 1, 80),
(14280, 'A03', 'A02', 'C01', 1, 80),
(14279, 'A06', 'A01', 'C03', 1, 80),
(14278, 'A06', 'A01', 'C02', 1, 80),
(14277, 'A06', 'A01', 'C01', 1, 80),
(14276, 'A05', 'A01', 'C03', 1, 80),
(14275, 'A05', 'A01', 'C02', 1, 80),
(14274, 'A05', 'A01', 'C01', 1, 80),
(14273, 'A02', 'A01', 'C03', 1, 80),
(14272, 'A02', 'A01', 'C02', 1, 80),
(14271, 'A02', 'A01', 'C01', 1, 80),
(14270, 'A01', 'A01', 'C03', 1, 80),
(14269, 'A01', 'A01', 'C02', 1, 80),
(14268, 'A01', 'A01', 'C01', 1, 80),
(14267, 'A04', 'A01', 'C03', 1, 80),
(14266, 'A04', 'A01', 'C02', 1, 80),
(14265, 'A04', 'A01', 'C01', 1, 80),
(14264, 'A03', 'A01', 'C03', 1, 80),
(14263, 'A03', 'A01', 'C02', 1, 80),
(14262, 'A03', 'A01', 'C01', 1, 80),
(14261, 'A06', 'A04', 'C03', 1, 80),
(14260, 'A06', 'A04', 'C02', 1, 80),
(14259, 'A06', 'A04', 'C01', 1, 80),
(14258, 'A05', 'A04', 'C03', 1, 80),
(14257, 'A05', 'A04', 'C02', 1, 80),
(14256, 'A05', 'A04', 'C01', 1, 80),
(14255, 'A02', 'A04', 'C03', 1, 80),
(14254, 'A02', 'A04', 'C02', 1, 80),
(14253, 'A02', 'A04', 'C01', 1, 80),
(14252, 'A01', 'A04', 'C03', 1, 80),
(14251, 'A01', 'A04', 'C02', 1, 80),
(14250, 'A01', 'A04', 'C01', 1, 80),
(14249, 'A04', 'A04', 'C03', 1, 80),
(14248, 'A04', 'A04', 'C02', 1, 80),
(14247, 'A04', 'A04', 'C01', 1, 80),
(14246, 'A03', 'A04', 'C03', 1, 80),
(14245, 'A03', 'A04', 'C02', 1, 80),
(14244, 'A03', 'A04', 'C01', 1, 80),
(14243, 'A06', 'A03', 'C03', 1, 80),
(14242, 'A06', 'A03', 'C02', 1, 80),
(14241, 'A06', 'A03', 'C01', 1, 80),
(14240, 'A05', 'A03', 'C03', 1, 80),
(14239, 'A05', 'A03', 'C02', 1, 80),
(14238, 'A05', 'A03', 'C01', 1, 80),
(14237, 'A02', 'A03', 'C03', 1, 80),
(14236, 'A02', 'A03', 'C02', 1, 80),
(14235, 'A02', 'A03', 'C01', 1, 80),
(14234, 'A01', 'A03', 'C03', 1, 80),
(14233, 'A01', 'A03', 'C02', 1, 80),
(14232, 'A01', 'A03', 'C01', 1, 80),
(14231, 'A04', 'A03', 'C03', 1, 80),
(14230, 'A04', 'A03', 'C02', 1, 80),
(14229, 'A04', 'A03', 'C01', 1, 80),
(14228, 'A03', 'A03', 'C03', 1, 80),
(14227, 'A03', 'A03', 'C02', 1, 80),
(14226, 'A03', 'A03', 'C01', 1, 80),
(14225, 'A06', 'A06', 'C03', 1, 79),
(14224, 'A06', 'A06', 'C02', 1, 79),
(14223, 'A06', 'A06', 'C01', 1, 79),
(14222, 'A05', 'A06', 'C03', 1, 79),
(14221, 'A05', 'A06', 'C02', 1, 79),
(14220, 'A05', 'A06', 'C01', 1, 79),
(14219, 'A02', 'A06', 'C03', 1, 79),
(14218, 'A02', 'A06', 'C02', 1, 79),
(14217, 'A02', 'A06', 'C01', 1, 79),
(14216, 'A01', 'A06', 'C03', 1, 79),
(14215, 'A01', 'A06', 'C02', 1, 79),
(14214, 'A01', 'A06', 'C01', 1, 79),
(14213, 'A04', 'A06', 'C03', 1, 79),
(14212, 'A04', 'A06', 'C02', 1, 79),
(14211, 'A04', 'A06', 'C01', 1, 79),
(14210, 'A03', 'A06', 'C03', 1, 79),
(14209, 'A03', 'A06', 'C02', 1, 79),
(14208, 'A03', 'A06', 'C01', 1, 79),
(14207, 'A06', 'A05', 'C03', 1, 79),
(14206, 'A06', 'A05', 'C02', 1, 79),
(14205, 'A06', 'A05', 'C01', 1, 79),
(14204, 'A05', 'A05', 'C03', 1, 79);

-- --------------------------------------------------------

--
-- Struktur dari tabel `tb_rel_kriteria`
--

CREATE TABLE `tb_rel_kriteria` (
  `ID` int(11) NOT NULL,
  `ID1` varchar(16) DEFAULT NULL,
  `ID2` varchar(16) DEFAULT NULL,
  `nilai` double DEFAULT NULL,
  `id_user` int(11) DEFAULT NULL
) ENGINE=MyISAM DEFAULT CHARSET=latin1;

--
-- Dumping data untuk tabel `tb_rel_kriteria`
--

INSERT INTO `tb_rel_kriteria` (`ID`, `ID1`, `ID2`, `nilai`, `id_user`) VALUES
(507, 'C03', 'C01', 0.5, 24),
(508, 'C03', 'C02', 3, 24),
(509, 'C03', 'C03', 1, 24),
(279, 'C02', 'C02', 1, 1),
(278, 'C02', 'C01', 0.2, 1),
(261, 'C01', 'C01', 1, 1),
(312, 'C01', 'C02', 5, 1),
(506, 'C03', 'C03', 1, 1),
(505, 'C03', 'C02', 3, 1),
(504, 'C03', 'C01', 0.5, 1),
(418, 'C02', 'C01', 0.2, 24),
(417, 'C01', 'C01', 1, 24),
(528, 'C02', 'C03', 0.333333333, 24),
(527, 'C01', 'C03', 2, 24),
(526, 'C02', 'C03', 0.333333333, 1),
(525, 'C01', 'C03', 2, 1),
(415, 'C02', 'C02', 1, 24),
(414, 'C01', 'C02', 5, 24),
(4884, 'C01', 'C02', 5, 68),
(4885, 'C02', 'C02', 1, 68),
(4886, 'C03', 'C02', 3, 68),
(4887, 'C01', 'C01', 1, 68),
(4888, 'C02', 'C01', 0.2, 68),
(4889, 'C03', 'C01', 0.5, 68),
(4890, 'C01', 'C03', 2, 68),
(4891, 'C02', 'C03', 0.333333333, 68),
(4892, 'C03', 'C03', 1, 68),
(4893, 'C01', 'C02', 5, 69),
(4894, 'C02', 'C02', 1, 69),
(4895, 'C03', 'C02', 3, 69),
(4896, 'C01', 'C01', 1, 69),
(4897, 'C02', 'C01', 0.2, 69),
(4898, 'C03', 'C01', 0.5, 69),
(4899, 'C01', 'C03', 2, 69),
(4900, 'C02', 'C03', 0.333333333, 69),
(4901, 'C03', 'C03', 1, 69),
(4902, 'C01', 'C02', 5, 70),
(4903, 'C02', 'C02', 1, 70),
(4904, 'C03', 'C02', 3, 70),
(4905, 'C01', 'C01', 1, 70),
(4906, 'C02', 'C01', 0.2, 70),
(4907, 'C03', 'C01', 0.5, 70),
(4908, 'C01', 'C03', 2, 70),
(4909, 'C02', 'C03', 0.333333333, 70),
(4910, 'C03', 'C03', 1, 70),
(4911, 'C01', 'C02', 5, 71),
(4912, 'C02', 'C02', 1, 71),
(4913, 'C03', 'C02', 3, 71),
(4914, 'C01', 'C01', 1, 71),
(4915, 'C02', 'C01', 0.2, 71),
(4916, 'C03', 'C01', 0.5, 71),
(4917, 'C01', 'C03', 2, 71),
(4918, 'C02', 'C03', 0.333333333, 71),
(4919, 'C03', 'C03', 1, 71),
(4920, 'C01', 'C02', 5, 72),
(4921, 'C02', 'C02', 1, 72),
(4922, 'C03', 'C02', 3, 72),
(4923, 'C01', 'C01', 1, 72),
(4924, 'C02', 'C01', 0.2, 72),
(4925, 'C03', 'C01', 0.5, 72),
(4926, 'C01', 'C03', 2, 72),
(4927, 'C02', 'C03', 0.333333333, 72),
(4928, 'C03', 'C03', 1, 72),
(4929, 'C01', 'C02', 5, 73),
(4930, 'C02', 'C02', 1, 73),
(4931, 'C03', 'C02', 3, 73),
(4932, 'C01', 'C01', 1, 73),
(4933, 'C02', 'C01', 0.2, 73),
(4934, 'C03', 'C01', 0.5, 73),
(4935, 'C01', 'C03', 2, 73),
(4936, 'C02', 'C03', 0.333333333, 73),
(4937, 'C03', 'C03', 1, 73),
(4938, 'C01', 'C02', 5, 74),
(4939, 'C02', 'C02', 1, 74),
(4940, 'C03', 'C02', 3, 74),
(4941, 'C01', 'C01', 1, 74),
(4942, 'C02', 'C01', 0.2, 74),
(4943, 'C03', 'C01', 0.5, 74),
(4944, 'C01', 'C03', 2, 74),
(4945, 'C02', 'C03', 0.333333333, 74),
(4946, 'C03', 'C03', 1, 74),
(4947, 'C01', 'C02', 5, 75),
(4948, 'C02', 'C02', 1, 75),
(4949, 'C03', 'C02', 3, 75),
(4950, 'C01', 'C01', 1, 75),
(4951, 'C02', 'C01', 0.2, 75),
(4952, 'C03', 'C01', 0.5, 75),
(4953, 'C01', 'C03', 2, 75),
(4954, 'C02', 'C03', 0.333333333, 75),
(4955, 'C03', 'C03', 1, 75),
(4956, 'C01', 'C02', 5, 76),
(4957, 'C02', 'C02', 1, 76),
(4958, 'C03', 'C02', 3, 76),
(4959, 'C01', 'C01', 1, 76),
(4960, 'C02', 'C01', 0.2, 76),
(4961, 'C03', 'C01', 0.5, 76),
(4962, 'C01', 'C03', 2, 76),
(4963, 'C02', 'C03', 0.333333333, 76),
(4964, 'C03', 'C03', 1, 76),
(4965, 'C01', 'C02', 5, 77),
(4966, 'C02', 'C02', 1, 77),
(4967, 'C03', 'C02', 3, 77),
(4968, 'C01', 'C01', 1, 77),
(4969, 'C02', 'C01', 0.2, 77),
(4970, 'C03', 'C01', 0.5, 77),
(4971, 'C01', 'C03', 2, 77),
(4972, 'C02', 'C03', 0.333333333, 77),
(4973, 'C03', 'C03', 1, 77),
(4974, 'C01', 'C02', 5, 78),
(4975, 'C02', 'C02', 1, 78),
(4976, 'C03', 'C02', 3, 78),
(4977, 'C01', 'C01', 1, 78),
(4978, 'C02', 'C01', 0.2, 78),
(4979, 'C03', 'C01', 0.5, 78),
(4980, 'C01', 'C03', 2, 78),
(4981, 'C02', 'C03', 0.333333333, 78),
(4982, 'C03', 'C03', 1, 78),
(4983, 'C01', 'C02', 5, 79),
(4984, 'C02', 'C02', 1, 79),
(4985, 'C03', 'C02', 3, 79),
(4986, 'C01', 'C01', 1, 79),
(4987, 'C02', 'C01', 0.2, 79),
(4988, 'C03', 'C01', 0.5, 79),
(4989, 'C01', 'C03', 2, 79),
(4990, 'C02', 'C03', 0.333333333, 79),
(4991, 'C03', 'C03', 1, 79),
(4992, 'C01', 'C02', 5, 80),
(4993, 'C02', 'C02', 1, 80),
(4994, 'C03', 'C02', 3, 80),
(4995, 'C01', 'C01', 1, 80),
(4996, 'C02', 'C01', 0.2, 80),
(4997, 'C03', 'C01', 0.5, 80),
(4998, 'C01', 'C03', 2, 80),
(4999, 'C02', 'C03', 0.333333333, 80),
(5000, 'C03', 'C03', 1, 80),
(5001, 'C01', 'C02', 5, 81),
(5002, 'C02', 'C02', 1, 81),
(5003, 'C03', 'C02', 3, 81),
(5004, 'C01', 'C01', 1, 81),
(5005, 'C02', 'C01', 0.2, 81),
(5006, 'C03', 'C01', 0.5, 81),
(5007, 'C01', 'C03', 2, 81),
(5008, 'C02', 'C03', 0.333333333, 81),
(5009, 'C03', 'C03', 1, 81),
(5010, 'C01', 'C02', 5, 82),
(5011, 'C02', 'C02', 1, 82),
(5012, 'C03', 'C02', 3, 82),
(5013, 'C01', 'C01', 1, 82),
(5014, 'C02', 'C01', 0.2, 82),
(5015, 'C03', 'C01', 0.5, 82),
(5016, 'C01', 'C03', 2, 82),
(5017, 'C02', 'C03', 0.333333333, 82),
(5018, 'C03', 'C03', 1, 82),
(5019, 'C01', 'C02', 5, 83),
(5020, 'C02', 'C02', 1, 83),
(5021, 'C03', 'C02', 3, 83),
(5022, 'C01', 'C01', 1, 83),
(5023, 'C02', 'C01', 0.2, 83),
(5024, 'C03', 'C01', 0.5, 83),
(5025, 'C01', 'C03', 2, 83),
(5026, 'C02', 'C03', 0.333333333, 83),
(5027, 'C03', 'C03', 1, 83);

-- --------------------------------------------------------

--
-- Struktur dari tabel `tb_user`
--

CREATE TABLE `tb_user` (
  `id_user` int(11) NOT NULL,
  `nama_user` varchar(255) DEFAULT NULL,
  `user` varchar(16) DEFAULT NULL,
  `pass` varchar(16) DEFAULT NULL,
  `level` varchar(16) DEFAULT NULL
) ENGINE=InnoDB DEFAULT CHARSET=latin1;

--
-- Dumping data untuk tabel `tb_user`
--

INSERT INTO `tb_user` (`id_user`, `nama_user`, `user`, `pass`, `level`) VALUES
(1, 'Administrator', 'admin', 'admin', 'admin'),
(24, 'Dichi Ade Saputra', 'diciadees', 'saputra11', 'user'),
(68, 'Jaka Dwi Saputra', 'jakatarub', 'jaka18', 'user'),
(69, 'Winoto', 'noti', '124', 'user'),
(70, 'M. Arbi Agustian', '2034', 'loveyou', 'user'),
(71, 'Yasmin Areta Luthfa', 'areta', 'yasmin', 'user'),
(72, 'Elsya Aprilia', 'elsya', 'aprilia', 'user'),
(73, 'Tia Nurafiati', 'tia241003', '241003', 'user'),
(74, 'Ica Khoerunisa', 'ica', '1112005', 'user'),
(75, 'Aenun Nabila', 'mama', 'bapa', 'user'),
(76, 'Devia Febriyani', 'devidef', 'deplong', 'user'),
(77, 'Solikhin', 'lihins26', 'hwyes', 'user'),
(78, 'Astri Nur Oktavia', 'astri12345', '251003', 'user'),
(79, 'Ivonika Yustinasari', 'nikia', '12345', 'user'),
(80, 'Gita Famela Naja', 'gitafa12', '12345', 'user'),
(81, 'Fathatin Khotimah', 'fatha', 'khotimah25', 'user'),
(82, 'Khalisa Ismi Nabila', '04092003', 'khalisain', 'user'),
(83, 'Hana Nisrotul Laeni', 'hanalaeni', 'desember', 'user');

--
-- Indexes for dumped tables
--

--
-- Indexes for table `tb_alternatif`
--
ALTER TABLE `tb_alternatif`
  ADD PRIMARY KEY (`kode_alternatif`);

--
-- Indexes for table `tb_kriteria`
--
ALTER TABLE `tb_kriteria`
  ADD PRIMARY KEY (`kode_kriteria`);

--
-- Indexes for table `tb_rel_alternatif`
--
ALTER TABLE `tb_rel_alternatif`
  ADD PRIMARY KEY (`ID`);

--
-- Indexes for table `tb_rel_kriteria`
--
ALTER TABLE `tb_rel_kriteria`
  ADD PRIMARY KEY (`ID`);

--
-- Indexes for table `tb_user`
--
ALTER TABLE `tb_user`
  ADD PRIMARY KEY (`id_user`);

--
-- AUTO_INCREMENT for dumped tables
--

--
-- AUTO_INCREMENT for table `tb_rel_alternatif`
--
ALTER TABLE `tb_rel_alternatif`
  MODIFY `ID` int(11) NOT NULL AUTO_INCREMENT, AUTO_INCREMENT=14658;
--
-- AUTO_INCREMENT for table `tb_rel_kriteria`
--
ALTER TABLE `tb_rel_kriteria`
  MODIFY `ID` int(11) NOT NULL AUTO_INCREMENT, AUTO_INCREMENT=5028;
--
-- AUTO_INCREMENT for table `tb_user`
--
ALTER TABLE `tb_user`
  MODIFY `id_user` int(11) NOT NULL AUTO_INCREMENT, AUTO_INCREMENT=84;
/*!40101 SET CHARACTER_SET_CLIENT=@OLD_CHARACTER_SET_CLIENT */;
/*!40101 SET CHARACTER_SET_RESULTS=@OLD_CHARACTER_SET_RESULTS */;
/*!40101 SET COLLATION_CONNECTION=@OLD_COLLATION_CONNECTION */;
